date,hospital_id,medicine_id,generic_name,quantity_requested,quantity_dispensed,target_type,source,source_medicine_id,outbreak_flag,lead_time_days
2026-09-09,HOSP_A,PGMED001,Amoxicillin,,42,dispensed_units,ledger,MED002,,6
2026-09-10,HOSP_A,PGMED001,Amoxicillin,,47,dispensed_units,ledger,MED002,,6
2026-09-11,HOSP_A,PGMED001,Amoxicillin,,20,dispensed_units,ledger,MED002,,6
2026-09-12,HOSP_A,PGMED001,Amoxicillin,,23,dispensed_units,ledger,MED002,,6
2026-09-13,HOSP_A,PGMED001,Amoxicillin,,22,dispensed_units,ledger,MED002,,6
2026-09-14,HOSP_A,PGMED001,Amoxicillin,,45,dispensed_units,ledger,MED002,,6
2026-09-15,HOSP_A,PGMED001,Amoxicillin,,52,dispensed_units,ledger,MED002,,6
2026-09-16,HOSP_A,PGMED001,Amoxicillin,,27,dispensed_units,ledger,MED002,,6
2026-09-17,HOSP_A,PGMED001,Amoxicillin,,22,dispensed_units,ledger,MED002,,6
2026-09-18,HOSP_A,PGMED001,Amoxicillin,,41,dispensed_units,ledger,MED002,,6
2026-09-19,HOSP_A,PGMED001,Amoxicillin,,44,dispensed_units,ledger,MED002,,6
2026-09-20,HOSP_A,PGMED001,Amoxicillin,,21,dispensed_units,ledger,MED002,,6
2026-09-21,HOSP_A,PGMED001,Amoxicillin,,54,dispensed_units,ledger,MED002,,6
2026-09-22,HOSP_A,PGMED001,Amoxicillin,,58,dispensed_units,ledger,MED002,,6
2026-09-23,HOSP_A,PGMED001,Amoxicillin,,58,dispensed_units,ledger,MED002,,6
2026-09-24,HOSP_A,PGMED001,Amoxicillin,,29,dispensed_units,ledger,MED002,,6
2026-09-25,HOSP_A,PGMED001,Amoxicillin,,20,dispensed_units,ledger,MED002,,6
2026-09-26,HOSP_A,PGMED001,Amoxicillin,,53,dispensed_units,ledger,MED002,,6
2026-09-27,HOSP_A,PGMED001,Amoxicillin,,53,dispensed_units,ledger,MED002,,6
2026-09-28,HOSP_A,PGMED001,Amoxicillin,,41,dispensed_units,ledger,MED002,,6
2026-09-29,HOSP_A,PGMED001,Amoxicillin,,44,dispensed_units,ledger,MED002,,6
2026-09-30,HOSP_A,PGMED001,Amoxicillin,,25,dispensed_units,ledger,MED002,,6
2026-10-01,HOSP_A,PGMED001,Amoxicillin,,70,dispensed_units,ledger,MED002,,6
2026-10-02,HOSP_A,PGMED001,Amoxicillin,,199,dispensed_units,ledger,MED002,,6
2026-10-03,HOSP_A,PGMED001,Amoxicillin,,150,dispensed_units,ledger,MED002,,6
2026-10-04,HOSP_A,PGMED001,Amoxicillin,,115,dispensed_units,ledger,MED002,,6
2026-10-05,HOSP_A,PGMED001,Amoxicillin,,140,dispensed_units,ledger,MED002,,6
2026-10-06,HOSP_A,PGMED001,Amoxicillin,,182,dispensed_units,ledger,MED002,,6
2026-10-07,HOSP_A,PGMED001,Amoxicillin,,70,dispensed_units,ledger,MED002,,6
2026-10-08,HOSP_A,PGMED001,Amoxicillin,,140,dispensed_units,ledger,MED002,,6
2026-09-09,HOSP_A,PGMED002,Atorvastatin,,55,dispensed_units,ledger,MED003,,5
2026-09-10,HOSP_A,PGMED002,Atorvastatin,,27,dispensed_units,ledger,MED003,,5
2026-09-11,HOSP_A,PGMED002,Atorvastatin,,30,dispensed_units,ledger,MED003,,5
2026-09-12,HOSP_A,PGMED002,Atorvastatin,,34,dispensed_units,ledger,MED003,,5
2026-09-13,HOSP_A,PGMED002,Atorvastatin,,36,dispensed_units,ledger,MED003,,5
2026-09-14,HOSP_A,PGMED002,Atorvastatin,,51,dispensed_units,ledger,MED003,,5
2026-09-15,HOSP_A,PGMED002,Atorvastatin,,59,dispensed_units,ledger,MED003,,5
2026-09-16,HOSP_A,PGMED002,Atorvastatin,,40,dispensed_units,ledger,MED003,,5
2026-09-17,HOSP_A,PGMED002,Atorvastatin,,51,dispensed_units,ledger,MED003,,5
2026-09-18,HOSP_A,PGMED002,Atorvastatin,,25,dispensed_units,ledger,MED003,,5
2026-09-19,HOSP_A,PGMED002,Atorvastatin,,58,dispensed_units,ledger,MED003,,5
2026-09-20,HOSP_A,PGMED002,Atorvastatin,,31,dispensed_units,ledger,MED003,,5
2026-09-21,HOSP_A,PGMED002,Atorvastatin,,43,dispensed_units,ledger,MED003,,5
2026-09-22,HOSP_A,PGMED002,Atorvastatin,,54,dispensed_units,ledger,MED003,,5
2026-09-23,HOSP_A,PGMED002,Atorvastatin,,58,dispensed_units,ledger,MED003,,5
2026-09-24,HOSP_A,PGMED002,Atorvastatin,,47,dispensed_units,ledger,MED003,,5
2026-09-25,HOSP_A,PGMED002,Atorvastatin,,44,dispensed_units,ledger,MED003,,5
2026-09-26,HOSP_A,PGMED002,Atorvastatin,,31,dispensed_units,ledger,MED003,,5
2026-09-27,HOSP_A,PGMED002,Atorvastatin,,32,dispensed_units,ledger,MED003,,5
2026-09-28,HOSP_A,PGMED002,Atorvastatin,,36,dispensed_units,ledger,MED003,,5
2026-09-29,HOSP_A,PGMED002,Atorvastatin,,37,dispensed_units,ledger,MED003,,5
2026-09-30,HOSP_A,PGMED002,Atorvastatin,,34,dispensed_units,ledger,MED003,,5
2026-10-01,HOSP_A,PGMED002,Atorvastatin,,36,dispensed_units,ledger,MED003,,5
2026-10-02,HOSP_A,PGMED002,Atorvastatin,,34,dispensed_units,ledger,MED003,,5
2026-10-03,HOSP_A,PGMED002,Atorvastatin,,27,dispensed_units,ledger,MED003,,5
2026-10-04,HOSP_A,PGMED002,Atorvastatin,,20,dispensed_units,ledger,MED003,,5
2026-10-05,HOSP_A,PGMED002,Atorvastatin,,39,dispensed_units,ledger,MED003,,5
2026-10-06,HOSP_A,PGMED002,Atorvastatin,,26,dispensed_units,ledger,MED003,,5
2026-10-07,HOSP_A,PGMED002,Atorvastatin,,21,dispensed_units,ledger,MED003,,5
2026-10-08,HOSP_A,PGMED002,Atorvastatin,,36,dispensed_units,ledger,MED003,,5
2026-09-09,HOSP_A,PGMED004,Paracetamol,,27,dispensed_units,ledger,MED001,,4
2026-09-10,HOSP_A,PGMED004,Paracetamol,,28,dispensed_units,ledger,MED001,,4
2026-09-11,HOSP_A,PGMED004,Paracetamol,,20,dispensed_units,ledger,MED001,,4
2026-09-12,HOSP_A,PGMED004,Paracetamol,,51,dispensed_units,ledger,MED001,,4
2026-09-13,HOSP_A,PGMED004,Paracetamol,,31,dispensed_units,ledger,MED001,,4
2026-09-14,HOSP_A,PGMED004,Paracetamol,,48,dispensed_units,ledger,MED001,,4
2026-09-15,HOSP_A,PGMED004,Paracetamol,,35,dispensed_units,ledger,MED001,,4
2026-09-16,HOSP_A,PGMED004,Paracetamol,,57,dispensed_units,ledger,MED001,,4
2026-09-17,HOSP_A,PGMED004,Paracetamol,,44,dispensed_units,ledger,MED001,,4
2026-09-18,HOSP_A,PGMED004,Paracetamol,,51,dispensed_units,ledger,MED001,,4
2026-09-19,HOSP_A,PGMED004,Paracetamol,,53,dispensed_units,ledger,MED001,,4
2026-09-20,HOSP_A,PGMED004,Paracetamol,,24,dispensed_units,ledger,MED001,,4
2026-09-21,HOSP_A,PGMED004,Paracetamol,,29,dispensed_units,ledger,MED001,,4
2026-09-22,HOSP_A,PGMED004,Paracetamol,,58,dispensed_units,ledger,MED001,,4
2026-09-23,HOSP_A,PGMED004,Paracetamol,,50,dispensed_units,ledger,MED001,,4
2026-09-24,HOSP_A,PGMED004,Paracetamol,,22,dispensed_units,ledger,MED001,,4
2026-09-25,HOSP_A,PGMED004,Paracetamol,,24,dispensed_units,ledger,MED001,,4
2026-09-26,HOSP_A,PGMED004,Paracetamol,,47,dispensed_units,ledger,MED001,,4
2026-09-27,HOSP_A,PGMED004,Paracetamol,,29,dispensed_units,ledger,MED001,,4
2026-09-28,HOSP_A,PGMED004,Paracetamol,,45,dispensed_units,ledger,MED001,,4
2026-09-29,HOSP_A,PGMED004,Paracetamol,,44,dispensed_units,ledger,MED001,,4
2026-09-30,HOSP_A,PGMED004,Paracetamol,,50,dispensed_units,ledger,MED001,,4
2026-10-01,HOSP_A,PGMED004,Paracetamol,,112,dispensed_units,ledger,MED001,,4
2026-10-02,HOSP_A,PGMED004,Paracetamol,,129,dispensed_units,ledger,MED001,,4
2026-10-03,HOSP_A,PGMED004,Paracetamol,,101,dispensed_units,ledger,MED001,,4
2026-10-04,HOSP_A,PGMED004,Paracetamol,,98,dispensed_units,ledger,MED001,,4
2026-10-05,HOSP_A,PGMED004,Paracetamol,,168,dispensed_units,ledger,MED001,,4
2026-10-06,HOSP_A,PGMED004,Paracetamol,,203,dispensed_units,ledger,MED001,,4
2026-10-07,HOSP_A,PGMED004,Paracetamol,,133,dispensed_units,ledger,MED001,,4
2026-10-08,HOSP_A,PGMED004,Paracetamol,,168,dispensed_units,ledger,MED001,,4
2026-09-09,HOSP_B,PGMED001,Amoxicillin,,40,dispensed_units,ledger,MED002,,6
2026-09-10,HOSP_B,PGMED001,Amoxicillin,,37,dispensed_units,ledger,MED002,,6
2026-09-11,HOSP_B,PGMED001,Amoxicillin,,26,dispensed_units,ledger,MED002,,6
2026-09-12,HOSP_B,PGMED001,Amoxicillin,,25,dispensed_units,ledger,MED002,,6
2026-09-13,HOSP_B,PGMED001,Amoxicillin,,21,dispensed_units,ledger,MED002,,6
2026-09-14,HOSP_B,PGMED001,Amoxicillin,,30,dispensed_units,ledger,MED002,,6
2026-09-15,HOSP_B,PGMED001,Amoxicillin,,21,dispensed_units,ledger,MED002,,6
2026-09-16,HOSP_B,PGMED001,Amoxicillin,,23,dispensed_units,ledger,MED002,,6
2026-09-17,HOSP_B,PGMED001,Amoxicillin,,58,dispensed_units,ledger,MED002,,6
2026-09-18,HOSP_B,PGMED001,Amoxicillin,,54,dispensed_units,ledger,MED002,,6
2026-09-19,HOSP_B,PGMED001,Amoxicillin,,48,dispensed_units,ledger,MED002,,6
2026-09-20,HOSP_B,PGMED001,Amoxicillin,,52,dispensed_units,ledger,MED002,,6
2026-09-21,HOSP_B,PGMED001,Amoxicillin,,39,dispensed_units,ledger,MED002,,6
2026-09-22,HOSP_B,PGMED001,Amoxicillin,,57,dispensed_units,ledger,MED002,,6
2026-09-23,HOSP_B,PGMED001,Amoxicillin,,58,dispensed_units,ledger,MED002,,6
2026-09-24,HOSP_B,PGMED001,Amoxicillin,,47,dispensed_units,ledger,MED002,,6
2026-09-25,HOSP_B,PGMED001,Amoxicillin,,25,dispensed_units,ledger,MED002,,6
2026-09-26,HOSP_B,PGMED001,Amoxicillin,,30,dispensed_units,ledger,MED002,,6
2026-09-27,HOSP_B,PGMED001,Amoxicillin,,23,dispensed_units,ledger,MED002,,6
2026-09-28,HOSP_B,PGMED001,Amoxicillin,,21,dispensed_units,ledger,MED002,,6
2026-09-29,HOSP_B,PGMED001,Amoxicillin,,56,dispensed_units,ledger,MED002,,6
2026-09-30,HOSP_B,PGMED001,Amoxicillin,,25,dispensed_units,ledger,MED002,,6
2026-10-01,HOSP_B,PGMED001,Amoxicillin,,30,dispensed_units,ledger,MED002,,6
2026-10-02,HOSP_B,PGMED001,Amoxicillin,,25,dispensed_units,ledger,MED002,,6
2026-10-03,HOSP_B,PGMED001,Amoxicillin,,24,dispensed_units,ledger,MED002,,6
2026-10-04,HOSP_B,PGMED001,Amoxicillin,,28,dispensed_units,ledger,MED002,,6
2026-10-05,HOSP_B,PGMED001,Amoxicillin,,38,dispensed_units,ledger,MED002,,6
2026-10-06,HOSP_B,PGMED001,Amoxicillin,,47,dispensed_units,ledger,MED002,,6
2026-10-07,HOSP_B,PGMED001,Amoxicillin,,54,dispensed_units,ledger,MED002,,6
2026-10-08,HOSP_B,PGMED001,Amoxicillin,,25,dispensed_units,ledger,MED002,,6
2026-09-09,HOSP_B,PGMED002,Atorvastatin,,44,dispensed_units,ledger,MED003,,5
2026-09-10,HOSP_B,PGMED002,Atorvastatin,,29,dispensed_units,ledger,MED003,,5
2026-09-11,HOSP_B,PGMED002,Atorvastatin,,42,dispensed_units,ledger,MED003,,5
2026-09-12,HOSP_B,PGMED002,Atorvastatin,,47,dispensed_units,ledger,MED003,,5
2026-09-13,HOSP_B,PGMED002,Atorvastatin,,51,dispensed_units,ledger,MED003,,5
2026-09-14,HOSP_B,PGMED002,Atorvastatin,,42,dispensed_units,ledger,MED003,,5
2026-09-15,HOSP_B,PGMED002,Atorvastatin,,55,dispensed_units,ledger,MED003,,5
2026-09-16,HOSP_B,PGMED002,Atorvastatin,,36,dispensed_units,ledger,MED003,,5
2026-09-17,HOSP_B,PGMED002,Atorvastatin,,54,dispensed_units,ledger,MED003,,5
2026-09-18,HOSP_B,PGMED002,Atorvastatin,,32,dispensed_units,ledger,MED003,,5
2026-09-19,HOSP_B,PGMED002,Atorvastatin,,24,dispensed_units,ledger,MED003,,5
2026-09-20,HOSP_B,PGMED002,Atorvastatin,,48,dispensed_units,ledger,MED003,,5
2026-09-21,HOSP_B,PGMED002,Atorvastatin,,38,dispensed_units,ledger,MED003,,5
2026-09-22,HOSP_B,PGMED002,Atorvastatin,,59,dispensed_units,ledger,MED003,,5
2026-09-23,HOSP_B,PGMED002,Atorvastatin,,44,dispensed_units,ledger,MED003,,5
2026-09-24,HOSP_B,PGMED002,Atorvastatin,,46,dispensed_units,ledger,MED003,,5
2026-09-25,HOSP_B,PGMED002,Atorvastatin,,57,dispensed_units,ledger,MED003,,5
2026-09-26,HOSP_B,PGMED002,Atorvastatin,,53,dispensed_units,ledger,MED003,,5
2026-09-27,HOSP_B,PGMED002,Atorvastatin,,46,dispensed_units,ledger,MED003,,5
2026-09-28,HOSP_B,PGMED002,Atorvastatin,,26,dispensed_units,ledger,MED003,,5
2026-09-29,HOSP_B,PGMED002,Atorvastatin,,53,dispensed_units,ledger,MED003,,5
2026-09-30,HOSP_B,PGMED002,Atorvastatin,,31,dispensed_units,ledger,MED003,,5
2026-10-01,HOSP_B,PGMED002,Atorvastatin,,54,dispensed_units,ledger,MED003,,5
2026-10-02,HOSP_B,PGMED002,Atorvastatin,,34,dispensed_units,ledger,MED003,,5
2026-10-03,HOSP_B,PGMED002,Atorvastatin,,29,dispensed_units,ledger,MED003,,5
2026-10-04,HOSP_B,PGMED002,Atorvastatin,,45,dispensed_units,ledger,MED003,,5
2026-10-05,HOSP_B,PGMED002,Atorvastatin,,48,dispensed_units,ledger,MED003,,5
2026-10-06,HOSP_B,PGMED002,Atorvastatin,,54,dispensed_units,ledger,MED003,,5
2026-10-07,HOSP_B,PGMED002,Atorvastatin,,43,dispensed_units,ledger,MED003,,5
2026-10-08,HOSP_B,PGMED002,Atorvastatin,,26,dispensed_units,ledger,MED003,,5
2026-09-09,HOSP_B,PGMED004,Paracetamol,,49,dispensed_units,ledger,MED001,,4
2026-09-10,HOSP_B,PGMED004,Paracetamol,,25,dispensed_units,ledger,MED001,,4
2026-09-11,HOSP_B,PGMED004,Paracetamol,,52,dispensed_units,ledger,MED001,,4
2026-09-12,HOSP_B,PGMED004,Paracetamol,,41,dispensed_units,ledger,MED001,,4
2026-09-13,HOSP_B,PGMED004,Paracetamol,,51,dispensed_units,ledger,MED001,,4
2026-09-14,HOSP_B,PGMED004,Paracetamol,,58,dispensed_units,ledger,MED001,,4
2026-09-15,HOSP_B,PGMED004,Paracetamol,,44,dispensed_units,ledger,MED001,,4
2026-09-16,HOSP_B,PGMED004,Paracetamol,,24,dispensed_units,ledger,MED001,,4
2026-09-17,HOSP_B,PGMED004,Paracetamol,,21,dispensed_units,ledger,MED001,,4
2026-09-18,HOSP_B,PGMED004,Paracetamol,,24,dispensed_units,ledger,MED001,,4
2026-09-19,HOSP_B,PGMED004,Paracetamol,,45,dispensed_units,ledger,MED001,,4
2026-09-20,HOSP_B,PGMED004,Paracetamol,,56,dispensed_units,ledger,MED001,,4
2026-09-21,HOSP_B,PGMED004,Paracetamol,,42,dispensed_units,ledger,MED001,,4
2026-09-22,HOSP_B,PGMED004,Paracetamol,,29,dispensed_units,ledger,MED001,,4
2026-09-23,HOSP_B,PGMED004,Paracetamol,,47,dispensed_units,ledger,MED001,,4
2026-09-24,HOSP_B,PGMED004,Paracetamol,,45,dispensed_units,ledger,MED001,,4
2026-09-25,HOSP_B,PGMED004,Paracetamol,,53,dispensed_units,ledger,MED001,,4
2026-09-26,HOSP_B,PGMED004,Paracetamol,,42,dispensed_units,ledger,MED001,,4
2026-09-27,HOSP_B,PGMED004,Paracetamol,,50,dispensed_units,ledger,MED001,,4
2026-09-28,HOSP_B,PGMED004,Paracetamol,,45,dispensed_units,ledger,MED001,,4
2026-09-29,HOSP_B,PGMED004,Paracetamol,,27,dispensed_units,ledger,MED001,,4
2026-09-30,HOSP_B,PGMED004,Paracetamol,,34,dispensed_units,ledger,MED001,,4
2026-10-01,HOSP_B,PGMED004,Paracetamol,,24,dispensed_units,ledger,MED001,,4
2026-10-02,HOSP_B,PGMED004,Paracetamol,,59,dispensed_units,ledger,MED001,,4
2026-10-03,HOSP_B,PGMED004,Paracetamol,,55,dispensed_units,ledger,MED001,,4
2026-10-04,HOSP_B,PGMED004,Paracetamol,,59,dispensed_units,ledger,MED001,,4
2026-10-05,HOSP_B,PGMED004,Paracetamol,,26,dispensed_units,ledger,MED001,,4
2026-10-06,HOSP_B,PGMED004,Paracetamol,,56,dispensed_units,ledger,MED001,,4
2026-10-07,HOSP_B,PGMED004,Paracetamol,,56,dispensed_units,ledger,MED001,,4
2026-10-08,HOSP_B,PGMED004,Paracetamol,,41,dispensed_units,ledger,MED001,,4
2026-09-09,HOSP_C,PGMED001,Amoxicillin,,22,dispensed_units,ledger,MED002,,6
2026-09-10,HOSP_C,PGMED001,Amoxicillin,,35,dispensed_units,ledger,MED002,,6
2026-09-11,HOSP_C,PGMED001,Amoxicillin,,45,dispensed_units,ledger,MED002,,6
2026-09-12,HOSP_C,PGMED001,Amoxicillin,,25,dispensed_units,ledger,MED002,,6
2026-09-13,HOSP_C,PGMED001,Amoxicillin,,25,dispensed_units,ledger,MED002,,6
2026-09-14,HOSP_C,PGMED001,Amoxicillin,,20,dispensed_units,ledger,MED002,,6
2026-09-15,HOSP_C,PGMED001,Amoxicillin,,22,dispensed_units,ledger,MED002,,6
2026-09-16,HOSP_C,PGMED001,Amoxicillin,,50,dispensed_units,ledger,MED002,,6
2026-09-17,HOSP_C,PGMED001,Amoxicillin,,27,dispensed_units,ledger,MED002,,6
2026-09-18,HOSP_C,PGMED001,Amoxicillin,,45,dispensed_units,ledger,MED002,,6
2026-09-19,HOSP_C,PGMED001,Amoxicillin,,29,dispensed_units,ledger,MED002,,6
2026-09-20,HOSP_C,PGMED001,Amoxicillin,,53,dispensed_units,ledger,MED002,,6
2026-09-21,HOSP_C,PGMED001,Amoxicillin,,38,dispensed_units,ledger,MED002,,6
2026-09-22,HOSP_C,PGMED001,Amoxicillin,,20,dispensed_units,ledger,MED002,,6
2026-09-23,HOSP_C,PGMED001,Amoxicillin,,35,dispensed_units,ledger,MED002,,6
2026-09-24,HOSP_C,PGMED001,Amoxicillin,,54,dispensed_units,ledger,MED002,,6
2026-09-25,HOSP_C,PGMED001,Amoxicillin,,33,dispensed_units,ledger,MED002,,6
2026-09-26,HOSP_C,PGMED001,Amoxicillin,,43,dispensed_units,ledger,MED002,,6
2026-09-27,HOSP_C,PGMED001,Amoxicillin,,41,dispensed_units,ledger,MED002,,6
2026-09-28,HOSP_C,PGMED001,Amoxicillin,,44,dispensed_units,ledger,MED002,,6
2026-09-29,HOSP_C,PGMED001,Amoxicillin,,49,dispensed_units,ledger,MED002,,6
2026-09-30,HOSP_C,PGMED001,Amoxicillin,,55,dispensed_units,ledger,MED002,,6
2026-10-01,HOSP_C,PGMED001,Amoxicillin,,40,dispensed_units,ledger,MED002,,6
2026-10-02,HOSP_C,PGMED001,Amoxicillin,,52,dispensed_units,ledger,MED002,,6
2026-10-03,HOSP_C,PGMED001,Amoxicillin,,31,dispensed_units,ledger,MED002,,6
2026-10-04,HOSP_C,PGMED001,Amoxicillin,,46,dispensed_units,ledger,MED002,,6
2026-10-05,HOSP_C,PGMED001,Amoxicillin,,47,dispensed_units,ledger,MED002,,6
2026-10-06,HOSP_C,PGMED001,Amoxicillin,,40,dispensed_units,ledger,MED002,,6
2026-10-07,HOSP_C,PGMED001,Amoxicillin,,21,dispensed_units,ledger,MED002,,6
2026-10-08,HOSP_C,PGMED001,Amoxicillin,,45,dispensed_units,ledger,MED002,,6
2026-09-09,HOSP_C,PGMED002,Atorvastatin,,40,dispensed_units,ledger,MED003,,5
2026-09-10,HOSP_C,PGMED002,Atorvastatin,,43,dispensed_units,ledger,MED003,,5
2026-09-11,HOSP_C,PGMED002,Atorvastatin,,34,dispensed_units,ledger,MED003,,5
2026-09-12,HOSP_C,PGMED002,Atorvastatin,,56,dispensed_units,ledger,MED003,,5
2026-09-13,HOSP_C,PGMED002,Atorvastatin,,35,dispensed_units,ledger,MED003,,5
2026-09-14,HOSP_C,PGMED002,Atorvastatin,,56,dispensed_units,ledger,MED003,,5
2026-09-15,HOSP_C,PGMED002,Atorvastatin,,31,dispensed_units,ledger,MED003,,5
2026-09-16,HOSP_C,PGMED002,Atorvastatin,,40,dispensed_units,ledger,MED003,,5
2026-09-17,HOSP_C,PGMED002,Atorvastatin,,31,dispensed_units,ledger,MED003,,5
2026-09-18,HOSP_C,PGMED002,Atorvastatin,,28,dispensed_units,ledger,MED003,,5
2026-09-19,HOSP_C,PGMED002,Atorvastatin,,29,dispensed_units,ledger,MED003,,5
2026-09-20,HOSP_C,PGMED002,Atorvastatin,,30,dispensed_units,ledger,MED003,,5
2026-09-21,HOSP_C,PGMED002,Atorvastatin,,54,dispensed_units,ledger,MED003,,5
2026-09-22,HOSP_C,PGMED002,Atorvastatin,,26,dispensed_units,ledger,MED003,,5
2026-09-23,HOSP_C,PGMED002,Atorvastatin,,38,dispensed_units,ledger,MED003,,5
2026-09-24,HOSP_C,PGMED002,Atorvastatin,,24,dispensed_units,ledger,MED003,,5
2026-09-25,HOSP_C,PGMED002,Atorvastatin,,32,dispensed_units,ledger,MED003,,5
2026-09-26,HOSP_C,PGMED002,Atorvastatin,,36,dispensed_units,ledger,MED003,,5
2026-09-27,HOSP_C,PGMED002,Atorvastatin,,31,dispensed_units,ledger,MED003,,5
2026-09-28,HOSP_C,PGMED002,Atorvastatin,,58,dispensed_units,ledger,MED003,,5
2026-09-29,HOSP_C,PGMED002,Atorvastatin,,50,dispensed_units,ledger,MED003,,5
2026-09-30,HOSP_C,PGMED002,Atorvastatin,,25,dispensed_units,ledger,MED003,,5
2026-10-01,HOSP_C,PGMED002,Atorvastatin,,45,dispensed_units,ledger,MED003,,5
2026-10-02,HOSP_C,PGMED002,Atorvastatin,,23,dispensed_units,ledger,MED003,,5
2026-10-03,HOSP_C,PGMED002,Atorvastatin,,24,dispensed_units,ledger,MED003,,5
2026-10-04,HOSP_C,PGMED002,Atorvastatin,,43,dispensed_units,ledger,MED003,,5
2026-10-05,HOSP_C,PGMED002,Atorvastatin,,57,dispensed_units,ledger,MED003,,5
2026-10-06,HOSP_C,PGMED002,Atorvastatin,,29,dispensed_units,ledger,MED003,,5
2026-10-07,HOSP_C,PGMED002,Atorvastatin,,28,dispensed_units,ledger,MED003,,5
2026-10-08,HOSP_C,PGMED002,Atorvastatin,,30,dispensed_units,ledger,MED003,,5
2026-09-09,HOSP_C,PGMED004,Paracetamol,,34,dispensed_units,ledger,MED001,,4
2026-09-10,HOSP_C,PGMED004,Paracetamol,,42,dispensed_units,ledger,MED001,,4
2026-09-11,HOSP_C,PGMED004,Paracetamol,,20,dispensed_units,ledger,MED001,,4
2026-09-12,HOSP_C,PGMED004,Paracetamol,,32,dispensed_units,ledger,MED001,,4
2026-09-13,HOSP_C,PGMED004,Paracetamol,,57,dispensed_units,ledger,MED001,,4
2026-09-14,HOSP_C,PGMED004,Paracetamol,,45,dispensed_units,ledger,MED001,,4
2026-09-15,HOSP_C,PGMED004,Paracetamol,,39,dispensed_units,ledger,MED001,,4
2026-09-16,HOSP_C,PGMED004,Paracetamol,,54,dispensed_units,ledger,MED001,,4
2026-09-17,HOSP_C,PGMED004,Paracetamol,,55,dispensed_units,ledger,MED001,,4
2026-09-18,HOSP_C,PGMED004,Paracetamol,,36,dispensed_units,ledger,MED001,,4
2026-09-19,HOSP_C,PGMED004,Paracetamol,,52,dispensed_units,ledger,MED001,,4
2026-09-20,HOSP_C,PGMED004,Paracetamol,,54,dispensed_units,ledger,MED001,,4
2026-09-21,HOSP_C,PGMED004,Paracetamol,,47,dispensed_units,ledger,MED001,,4
2026-09-22,HOSP_C,PGMED004,Paracetamol,,48,dispensed_units,ledger,MED001,,4
2026-09-23,HOSP_C,PGMED004,Paracetamol,,51,dispensed_units,ledger,MED001,,4
2026-09-24,HOSP_C,PGMED004,Paracetamol,,32,dispensed_units,ledger,MED001,,4
2026-09-25,HOSP_C,PGMED004,Paracetamol,,29,dispensed_units,ledger,MED001,,4
2026-09-26,HOSP_C,PGMED004,Paracetamol,,46,dispensed_units,ledger,MED001,,4
2026-09-27,HOSP_C,PGMED004,Paracetamol,,40,dispensed_units,ledger,MED001,,4
2026-09-28,HOSP_C,PGMED004,Paracetamol,,54,dispensed_units,ledger,MED001,,4
2026-09-29,HOSP_C,PGMED004,Paracetamol,,25,dispensed_units,ledger,MED001,,4
2026-09-30,HOSP_C,PGMED004,Paracetamol,,56,dispensed_units,ledger,MED001,,4
2026-10-01,HOSP_C,PGMED004,Paracetamol,,30,dispensed_units,ledger,MED001,,4
2026-10-02,HOSP_C,PGMED004,Paracetamol,,46,dispensed_units,ledger,MED001,,4
2026-10-03,HOSP_C,PGMED004,Paracetamol,,31,dispensed_units,ledger,MED001,,4
2026-10-04,HOSP_C,PGMED004,Paracetamol,,57,dispensed_units,ledger,MED001,,4
2026-10-05,HOSP_C,PGMED004,Paracetamol,,20,dispensed_units,ledger,MED001,,4
2026-10-06,HOSP_C,PGMED004,Paracetamol,,35,dispensed_units,ledger,MED001,,4
2026-10-07,HOSP_C,PGMED004,Paracetamol,,36,dispensed_units,ledger,MED001,,4
2026-10-08,HOSP_C,PGMED004,Paracetamol,,20,dispensed_units,ledger,MED001,,4
