date,hospital_id,daily_patients_admitted,daily_syndromic_cases,source
2026-09-09,HOSP_A,101,19,ledger
2026-09-09,HOSP_B,51,16,ledger
2026-09-09,HOSP_C,91,20,ledger
2026-09-10,HOSP_A,109,18,ledger
2026-09-10,HOSP_B,53,6,ledger
2026-09-10,HOSP_C,121,18,ledger
2026-09-11,HOSP_A,90,19,ledger
2026-09-11,HOSP_B,84,7,ledger
2026-09-11,HOSP_C,135,7,ledger
2026-09-12,HOSP_A,126,23,ledger
2026-09-12,HOSP_B,62,11,ledger
2026-09-12,HOSP_C,76,24,ledger
2026-09-13,HOSP_A,81,13,ledger
2026-09-13,HOSP_B,51,9,ledger
2026-09-13,HOSP_C,124,21,ledger
2026-09-14,HOSP_A,119,20,ledger
2026-09-14,HOSP_B,82,12,ledger
2026-09-14,HOSP_C,56,20,ledger
2026-09-15,HOSP_A,148,23,ledger
2026-09-15,HOSP_B,138,7,ledger
2026-09-15,HOSP_C,70,20,ledger
2026-09-16,HOSP_A,79,10,ledger
2026-09-16,HOSP_B,113,5,ledger
2026-09-16,HOSP_C,95,10,ledger
2026-09-17,HOSP_A,116,22,ledger
2026-09-17,HOSP_B,115,14,ledger
2026-09-17,HOSP_C,62,11,ledger
2026-09-18,HOSP_A,147,6,ledger
2026-09-18,HOSP_B,146,12,ledger
2026-09-18,HOSP_C,79,23,ledger
2026-09-19,HOSP_A,50,19,ledger
2026-09-19,HOSP_B,116,16,ledger
2026-09-19,HOSP_C,88,8,ledger
2026-09-20,HOSP_A,145,5,ledger
2026-09-20,HOSP_B,82,5,ledger
2026-09-20,HOSP_C,51,23,ledger
2026-09-21,HOSP_A,138,8,ledger
2026-09-21,HOSP_B,104,17,ledger
2026-09-21,HOSP_C,58,11,ledger
2026-09-22,HOSP_A,149,20,ledger
2026-09-22,HOSP_B,125,13,ledger
2026-09-22,HOSP_C,115,9,ledger
2026-09-23,HOSP_A,85,10,ledger
2026-09-23,HOSP_B,107,24,ledger
2026-09-23,HOSP_C,55,16,ledger
2026-09-24,HOSP_A,64,5,ledger
2026-09-24,HOSP_B,141,8,ledger
2026-09-24,HOSP_C,82,24,ledger
2026-09-25,HOSP_A,59,22,ledger
2026-09-25,HOSP_B,126,5,ledger
2026-09-25,HOSP_C,86,14,ledger
2026-09-26,HOSP_A,81,6,ledger
2026-09-26,HOSP_B,106,21,ledger
2026-09-26,HOSP_C,131,19,ledger
2026-09-27,HOSP_A,105,21,ledger
2026-09-27,HOSP_B,72,20,ledger
2026-09-27,HOSP_C,100,23,ledger
2026-09-28,HOSP_A,98,18,ledger
2026-09-28,HOSP_B,96,18,ledger
2026-09-28,HOSP_C,67,10,ledger
2026-09-29,HOSP_A,135,16,ledger
2026-09-29,HOSP_B,83,19,ledger
2026-09-29,HOSP_C,102,10,ledger
2026-09-30,HOSP_A,52,23,ledger
2026-09-30,HOSP_B,100,6,ledger
2026-09-30,HOSP_C,113,10,ledger
2026-10-01,HOSP_A,93,61,ledger
2026-10-01,HOSP_B,84,21,ledger
2026-10-01,HOSP_C,71,12,ledger
2026-10-02,HOSP_A,91,84,ledger
2026-10-02,HOSP_B,115,18,ledger
2026-10-02,HOSP_C,143,11,ledger
2026-10-03,HOSP_A,54,118,ledger
2026-10-03,HOSP_B,51,23,ledger
2026-10-03,HOSP_C,95,15,ledger
2026-10-04,HOSP_A,141,90,ledger
2026-10-04,HOSP_B,85,5,ledger
2026-10-04,HOSP_C,74,15,ledger
2026-10-05,HOSP_A,137,92,ledger
2026-10-05,HOSP_B,112,12,ledger
2026-10-05,HOSP_C,68,22,ledger
2026-10-06,HOSP_A,78,114,ledger
2026-10-06,HOSP_B,121,19,ledger
2026-10-06,HOSP_C,81,18,ledger
2026-10-07,HOSP_A,134,78,ledger
2026-10-07,HOSP_B,69,9,ledger
2026-10-07,HOSP_C,145,21,ledger
2026-10-08,HOSP_A,53,85,ledger
2026-10-08,HOSP_B,125,14,ledger
2026-10-08,HOSP_C,113,6,ledger
