snapshot_date,hospital_id,medicine_id,quantity_on_hand,oldest_batch_expiry_date,lead_time_days,source,stock_scope
2026-09-24,HOSP_A,PGMED004,1280,2027-01-13,4,shortage,aggregate_snapshot
2026-09-25,HOSP_A,PGMED004,1177,2027-01-13,4,shortage,aggregate_snapshot
2026-09-26,HOSP_A,PGMED004,1074,2027-01-13,4,shortage,aggregate_snapshot
2026-09-27,HOSP_A,PGMED004,976,2027-01-13,4,shortage,aggregate_snapshot
2026-09-28,HOSP_A,PGMED004,839,2027-01-13,4,shortage,aggregate_snapshot
2026-09-29,HOSP_A,PGMED004,715,2027-01-13,4,shortage,aggregate_snapshot
2026-09-30,HOSP_A,PGMED004,586,2027-01-13,4,shortage,aggregate_snapshot
2026-10-01,HOSP_A,PGMED004,490,2027-01-13,4,shortage,aggregate_snapshot
2026-10-02,HOSP_A,PGMED004,348,2027-01-13,4,shortage,aggregate_snapshot
2026-10-03,HOSP_A,PGMED004,213,2027-01-13,4,shortage,aggregate_snapshot
2026-10-04,HOSP_A,PGMED004,0,2027-01-13,4,shortage,aggregate_snapshot
2026-10-05,HOSP_A,PGMED004,0,2027-01-13,4,shortage,aggregate_snapshot
2026-10-06,HOSP_A,PGMED004,0,2027-01-13,4,shortage,aggregate_snapshot
2026-10-07,HOSP_A,PGMED004,0,2027-01-13,4,shortage,aggregate_snapshot
2026-10-08,HOSP_A,PGMED004,0,2027-01-13,4,shortage,aggregate_snapshot
2026-09-24,HOSP_A,PGMED001,1166,2026-11-30,6,shortage,aggregate_snapshot
2026-09-25,HOSP_A,PGMED001,1071,2026-11-30,6,shortage,aggregate_snapshot
2026-09-26,HOSP_A,PGMED001,1000,2026-11-30,6,shortage,aggregate_snapshot
2026-09-27,HOSP_A,PGMED001,934,2026-11-30,6,shortage,aggregate_snapshot
2026-09-28,HOSP_A,PGMED001,851,2026-11-30,6,shortage,aggregate_snapshot
2026-09-29,HOSP_A,PGMED001,775,2026-11-30,6,shortage,aggregate_snapshot
2026-09-30,HOSP_A,PGMED001,680,2026-11-30,6,shortage,aggregate_snapshot
2026-10-01,HOSP_A,PGMED001,602,2026-11-30,6,shortage,aggregate_snapshot
2026-10-02,HOSP_A,PGMED001,511,2026-11-30,6,shortage,aggregate_snapshot
2026-10-03,HOSP_A,PGMED001,426,2026-11-30,6,shortage,aggregate_snapshot
2026-10-04,HOSP_A,PGMED001,114,2026-11-30,6,shortage,aggregate_snapshot
2026-10-05,HOSP_A,PGMED001,0,2026-11-30,6,shortage,aggregate_snapshot
2026-10-06,HOSP_A,PGMED001,0,2026-11-30,6,shortage,aggregate_snapshot
2026-10-07,HOSP_A,PGMED001,0,2026-11-30,6,shortage,aggregate_snapshot
2026-10-08,HOSP_A,PGMED001,0,2026-11-30,6,shortage,aggregate_snapshot
2026-09-24,HOSP_A,PGMED005,554,2026-10-14,7,shortage,aggregate_snapshot
2026-09-25,HOSP_A,PGMED005,513,2026-10-14,7,shortage,aggregate_snapshot
2026-09-26,HOSP_A,PGMED005,468,2026-10-14,7,shortage,aggregate_snapshot
2026-09-27,HOSP_A,PGMED005,434,2026-10-14,7,shortage,aggregate_snapshot
2026-09-28,HOSP_A,PGMED005,396,2026-10-14,7,shortage,aggregate_snapshot
2026-09-29,HOSP_A,PGMED005,362,2026-10-14,7,shortage,aggregate_snapshot
2026-09-30,HOSP_A,PGMED005,318,2026-10-14,7,shortage,aggregate_snapshot
2026-10-01,HOSP_A,PGMED005,280,2026-10-14,7,shortage,aggregate_snapshot
2026-10-02,HOSP_A,PGMED005,245,2026-10-14,7,shortage,aggregate_snapshot
2026-10-03,HOSP_A,PGMED005,204,2026-10-14,7,shortage,aggregate_snapshot
2026-10-04,HOSP_A,PGMED005,82,2026-10-14,7,shortage,aggregate_snapshot
2026-10-05,HOSP_A,PGMED005,0,2026-10-14,7,shortage,aggregate_snapshot
2026-10-06,HOSP_A,PGMED005,0,2026-10-14,7,shortage,aggregate_snapshot
2026-10-07,HOSP_A,PGMED005,0,2026-10-14,7,shortage,aggregate_snapshot
2026-10-08,HOSP_A,PGMED005,0,2026-10-14,7,shortage,aggregate_snapshot
2026-09-24,HOSP_A,PGMED003,2276,2026-10-27,3,shortage,aggregate_snapshot
2026-09-25,HOSP_A,PGMED003,2057,2026-10-27,3,shortage,aggregate_snapshot
2026-09-26,HOSP_A,PGMED003,1854,2026-10-27,3,shortage,aggregate_snapshot
2026-09-27,HOSP_A,PGMED003,1648,2026-10-27,3,shortage,aggregate_snapshot
2026-09-28,HOSP_A,PGMED003,1411,2026-10-27,3,shortage,aggregate_snapshot
2026-09-29,HOSP_A,PGMED003,1203,2026-10-27,3,shortage,aggregate_snapshot
2026-09-30,HOSP_A,PGMED003,1021,2026-10-27,3,shortage,aggregate_snapshot
2026-10-01,HOSP_A,PGMED003,838,2026-10-27,3,shortage,aggregate_snapshot
2026-10-02,HOSP_A,PGMED003,665,2026-10-27,3,shortage,aggregate_snapshot
2026-10-03,HOSP_A,PGMED003,504,2026-10-27,3,shortage,aggregate_snapshot
2026-10-04,HOSP_A,PGMED003,0,2026-10-27,3,shortage,aggregate_snapshot
2026-10-05,HOSP_A,PGMED003,0,2026-10-27,3,shortage,aggregate_snapshot
2026-10-06,HOSP_A,PGMED003,0,2026-10-27,3,shortage,aggregate_snapshot
2026-10-07,HOSP_A,PGMED003,0,2026-10-27,3,shortage,aggregate_snapshot
2026-10-08,HOSP_A,PGMED003,0,2026-10-27,3,shortage,aggregate_snapshot
2026-09-24,HOSP_A,PGMED002,1085,2026-11-16,5,shortage,aggregate_snapshot
2026-09-25,HOSP_A,PGMED002,1022,2026-11-16,5,shortage,aggregate_snapshot
2026-09-26,HOSP_A,PGMED002,953,2026-11-16,5,shortage,aggregate_snapshot
2026-09-27,HOSP_A,PGMED002,885,2026-11-16,5,shortage,aggregate_snapshot
2026-09-28,HOSP_A,PGMED002,827,2026-11-16,5,shortage,aggregate_snapshot
2026-09-29,HOSP_A,PGMED002,777,2026-11-16,5,shortage,aggregate_snapshot
2026-09-30,HOSP_A,PGMED002,721,2026-11-16,5,shortage,aggregate_snapshot
2026-10-01,HOSP_A,PGMED002,657,2026-11-16,5,shortage,aggregate_snapshot
2026-10-02,HOSP_A,PGMED002,594,2026-11-16,5,shortage,aggregate_snapshot
2026-10-03,HOSP_A,PGMED002,532,2026-11-16,5,shortage,aggregate_snapshot
2026-10-04,HOSP_A,PGMED002,478,2026-11-16,5,shortage,aggregate_snapshot
2026-10-05,HOSP_A,PGMED002,417,2026-11-16,5,shortage,aggregate_snapshot
2026-10-06,HOSP_A,PGMED002,360,2026-11-16,5,shortage,aggregate_snapshot
2026-10-07,HOSP_A,PGMED002,289,2026-11-16,5,shortage,aggregate_snapshot
2026-10-08,HOSP_A,PGMED002,221,2026-11-16,5,shortage,aggregate_snapshot
2026-09-24,HOSP_B,PGMED004,1855,2026-10-26,4,shortage,aggregate_snapshot
2026-09-25,HOSP_B,PGMED004,1754,2026-10-26,4,shortage,aggregate_snapshot
2026-09-26,HOSP_B,PGMED004,1637,2026-10-26,4,shortage,aggregate_snapshot
2026-09-27,HOSP_B,PGMED004,1532,2026-10-26,4,shortage,aggregate_snapshot
2026-09-28,HOSP_B,PGMED004,1394,2026-10-26,4,shortage,aggregate_snapshot
2026-09-29,HOSP_B,PGMED004,1276,2026-10-26,4,shortage,aggregate_snapshot
2026-09-30,HOSP_B,PGMED004,1153,2026-10-26,4,shortage,aggregate_snapshot
2026-10-01,HOSP_B,PGMED004,1024,2026-10-26,4,shortage,aggregate_snapshot
2026-10-02,HOSP_B,PGMED004,922,2026-10-26,4,shortage,aggregate_snapshot
2026-10-03,HOSP_B,PGMED004,797,2026-10-26,4,shortage,aggregate_snapshot
2026-10-04,HOSP_B,PGMED004,308,2026-10-26,4,shortage,aggregate_snapshot
2026-10-05,HOSP_B,PGMED004,0,2026-10-26,4,shortage,aggregate_snapshot
2026-10-06,HOSP_B,PGMED004,0,2026-10-26,4,shortage,aggregate_snapshot
2026-10-07,HOSP_B,PGMED004,0,2026-10-26,4,shortage,aggregate_snapshot
2026-10-08,HOSP_B,PGMED004,0,2026-10-26,4,shortage,aggregate_snapshot
2026-09-24,HOSP_B,PGMED001,1571,2026-11-23,6,shortage,aggregate_snapshot
2026-09-25,HOSP_B,PGMED001,1493,2026-11-23,6,shortage,aggregate_snapshot
2026-09-26,HOSP_B,PGMED001,1423,2026-11-23,6,shortage,aggregate_snapshot
2026-09-27,HOSP_B,PGMED001,1346,2026-11-23,6,shortage,aggregate_snapshot
2026-09-28,HOSP_B,PGMED001,1254,2026-11-23,6,shortage,aggregate_snapshot
2026-09-29,HOSP_B,PGMED001,1180,2026-11-23,6,shortage,aggregate_snapshot
2026-09-30,HOSP_B,PGMED001,1113,2026-11-23,6,shortage,aggregate_snapshot
2026-10-01,HOSP_B,PGMED001,1038,2026-11-23,6,shortage,aggregate_snapshot
2026-10-02,HOSP_B,PGMED001,945,2026-11-23,6,shortage,aggregate_snapshot
2026-10-03,HOSP_B,PGMED001,873,2026-11-23,6,shortage,aggregate_snapshot
2026-10-04,HOSP_B,PGMED001,530,2026-11-23,6,shortage,aggregate_snapshot
2026-10-05,HOSP_B,PGMED001,290,2026-11-23,6,shortage,aggregate_snapshot
2026-10-06,HOSP_B,PGMED001,0,2026-11-23,6,shortage,aggregate_snapshot
2026-10-07,HOSP_B,PGMED001,0,2026-11-23,6,shortage,aggregate_snapshot
2026-10-08,HOSP_B,PGMED001,0,2026-11-23,6,shortage,aggregate_snapshot
2026-09-24,HOSP_B,PGMED005,478,2026-12-13,7,shortage,aggregate_snapshot
2026-09-25,HOSP_B,PGMED005,443,2026-12-13,7,shortage,aggregate_snapshot
2026-09-26,HOSP_B,PGMED005,409,2026-12-13,7,shortage,aggregate_snapshot
2026-09-27,HOSP_B,PGMED005,374,2026-12-13,7,shortage,aggregate_snapshot
2026-09-28,HOSP_B,PGMED005,334,2026-12-13,7,shortage,aggregate_snapshot
2026-09-29,HOSP_B,PGMED005,296,2026-12-13,7,shortage,aggregate_snapshot
2026-09-30,HOSP_B,PGMED005,263,2026-12-13,7,shortage,aggregate_snapshot
2026-10-01,HOSP_B,PGMED005,227,2026-12-13,7,shortage,aggregate_snapshot
2026-10-02,HOSP_B,PGMED005,192,2026-12-13,7,shortage,aggregate_snapshot
2026-10-03,HOSP_B,PGMED005,149,2026-12-13,7,shortage,aggregate_snapshot
2026-10-04,HOSP_B,PGMED005,0,2026-12-13,7,shortage,aggregate_snapshot
2026-10-05,HOSP_B,PGMED005,0,2026-12-13,7,shortage,aggregate_snapshot
2026-10-06,HOSP_B,PGMED005,0,2026-12-13,7,shortage,aggregate_snapshot
2026-10-07,HOSP_B,PGMED005,0,2026-12-13,7,shortage,aggregate_snapshot
2026-10-08,HOSP_B,PGMED005,0,2026-12-13,7,shortage,aggregate_snapshot
2026-09-24,HOSP_B,PGMED003,2389,2027-01-07,3,shortage,aggregate_snapshot
2026-09-25,HOSP_B,PGMED003,2218,2027-01-07,3,shortage,aggregate_snapshot
2026-09-26,HOSP_B,PGMED003,2019,2027-01-07,3,shortage,aggregate_snapshot
2026-09-27,HOSP_B,PGMED003,1781,2027-01-07,3,shortage,aggregate_snapshot
2026-09-28,HOSP_B,PGMED003,1602,2027-01-07,3,shortage,aggregate_snapshot
2026-09-29,HOSP_B,PGMED003,1389,2027-01-07,3,shortage,aggregate_snapshot
2026-09-30,HOSP_B,PGMED003,1169,2027-01-07,3,shortage,aggregate_snapshot
2026-10-01,HOSP_B,PGMED003,990,2027-01-07,3,shortage,aggregate_snapshot
2026-10-02,HOSP_B,PGMED003,772,2027-01-07,3,shortage,aggregate_snapshot
2026-10-03,HOSP_B,PGMED003,583,2027-01-07,3,shortage,aggregate_snapshot
2026-10-04,HOSP_B,PGMED003,0,2027-01-07,3,shortage,aggregate_snapshot
2026-10-05,HOSP_B,PGMED003,0,2027-01-07,3,shortage,aggregate_snapshot
2026-10-06,HOSP_B,PGMED003,0,2027-01-07,3,shortage,aggregate_snapshot
2026-10-07,HOSP_B,PGMED003,0,2027-01-07,3,shortage,aggregate_snapshot
2026-10-08,HOSP_B,PGMED003,0,2027-01-07,3,shortage,aggregate_snapshot
2026-09-24,HOSP_B,PGMED002,931,2026-12-21,5,shortage,aggregate_snapshot
2026-09-25,HOSP_B,PGMED002,867,2026-12-21,5,shortage,aggregate_snapshot
2026-09-26,HOSP_B,PGMED002,819,2026-12-21,5,shortage,aggregate_snapshot
2026-09-27,HOSP_B,PGMED002,759,2026-12-21,5,shortage,aggregate_snapshot
2026-09-28,HOSP_B,PGMED002,706,2026-12-21,5,shortage,aggregate_snapshot
2026-09-29,HOSP_B,PGMED002,643,2026-12-21,5,shortage,aggregate_snapshot
2026-09-30,HOSP_B,PGMED002,591,2026-12-21,5,shortage,aggregate_snapshot
2026-10-01,HOSP_B,PGMED002,527,2026-12-21,5,shortage,aggregate_snapshot
2026-10-02,HOSP_B,PGMED002,470,2026-12-21,5,shortage,aggregate_snapshot
2026-10-03,HOSP_B,PGMED002,400,2026-12-21,5,shortage,aggregate_snapshot
2026-10-04,HOSP_B,PGMED002,349,2026-12-21,5,shortage,aggregate_snapshot
2026-10-05,HOSP_B,PGMED002,293,2026-12-21,5,shortage,aggregate_snapshot
2026-10-06,HOSP_B,PGMED002,243,2026-12-21,5,shortage,aggregate_snapshot
2026-10-07,HOSP_B,PGMED002,173,2026-12-21,5,shortage,aggregate_snapshot
2026-10-08,HOSP_B,PGMED002,104,2026-12-21,5,shortage,aggregate_snapshot
2026-09-24,HOSP_C,PGMED004,1986,2026-10-28,4,shortage,aggregate_snapshot
2026-09-25,HOSP_C,PGMED004,1843,2026-10-28,4,shortage,aggregate_snapshot
2026-09-26,HOSP_C,PGMED004,1701,2026-10-28,4,shortage,aggregate_snapshot
2026-09-27,HOSP_C,PGMED004,1579,2026-10-28,4,shortage,aggregate_snapshot
2026-09-28,HOSP_C,PGMED004,1441,2026-10-28,4,shortage,aggregate_snapshot
2026-09-29,HOSP_C,PGMED004,1336,2026-10-28,4,shortage,aggregate_snapshot
2026-09-30,HOSP_C,PGMED004,1227,2026-10-28,4,shortage,aggregate_snapshot
2026-10-01,HOSP_C,PGMED004,1098,2026-10-28,4,shortage,aggregate_snapshot
2026-10-02,HOSP_C,PGMED004,962,2026-10-28,4,shortage,aggregate_snapshot
2026-10-03,HOSP_C,PGMED004,825,2026-10-28,4,shortage,aggregate_snapshot
2026-10-04,HOSP_C,PGMED004,710,2026-10-28,4,shortage,aggregate_snapshot
2026-10-05,HOSP_C,PGMED004,572,2026-10-28,4,shortage,aggregate_snapshot
2026-10-06,HOSP_C,PGMED004,436,2026-10-28,4,shortage,aggregate_snapshot
2026-10-07,HOSP_C,PGMED004,296,2026-10-28,4,shortage,aggregate_snapshot
2026-10-08,HOSP_C,PGMED004,163,2026-10-28,4,shortage,aggregate_snapshot
2026-09-24,HOSP_C,PGMED001,1109,2027-01-19,6,shortage,aggregate_snapshot
2026-09-25,HOSP_C,PGMED001,1036,2027-01-19,6,shortage,aggregate_snapshot
2026-09-26,HOSP_C,PGMED001,963,2027-01-19,6,shortage,aggregate_snapshot
2026-09-27,HOSP_C,PGMED001,884,2027-01-19,6,shortage,aggregate_snapshot
2026-09-28,HOSP_C,PGMED001,806,2027-01-19,6,shortage,aggregate_snapshot
2026-09-29,HOSP_C,PGMED001,711,2027-01-19,6,shortage,aggregate_snapshot
2026-09-30,HOSP_C,PGMED001,642,2027-01-19,6,shortage,aggregate_snapshot
2026-10-01,HOSP_C,PGMED001,578,2027-01-19,6,shortage,aggregate_snapshot
2026-10-02,HOSP_C,PGMED001,499,2027-01-19,6,shortage,aggregate_snapshot
2026-10-03,HOSP_C,PGMED001,430,2027-01-19,6,shortage,aggregate_snapshot
2026-10-04,HOSP_C,PGMED001,355,2027-01-19,6,shortage,aggregate_snapshot
2026-10-05,HOSP_C,PGMED001,268,2027-01-19,6,shortage,aggregate_snapshot
2026-10-06,HOSP_C,PGMED001,181,2027-01-19,6,shortage,aggregate_snapshot
2026-10-07,HOSP_C,PGMED001,108,2027-01-19,6,shortage,aggregate_snapshot
2026-10-08,HOSP_C,PGMED001,27,2027-01-19,6,shortage,aggregate_snapshot
2026-09-24,HOSP_C,PGMED005,480,2027-01-06,7,shortage,aggregate_snapshot
2026-09-25,HOSP_C,PGMED005,442,2027-01-06,7,shortage,aggregate_snapshot
2026-09-26,HOSP_C,PGMED005,396,2027-01-06,7,shortage,aggregate_snapshot
2026-09-27,HOSP_C,PGMED005,354,2027-01-06,7,shortage,aggregate_snapshot
2026-09-28,HOSP_C,PGMED005,310,2027-01-06,7,shortage,aggregate_snapshot
2026-09-29,HOSP_C,PGMED005,270,2027-01-06,7,shortage,aggregate_snapshot
2026-09-30,HOSP_C,PGMED005,229,2027-01-06,7,shortage,aggregate_snapshot
2026-10-01,HOSP_C,PGMED005,190,2027-01-06,7,shortage,aggregate_snapshot
2026-10-02,HOSP_C,PGMED005,155,2027-01-06,7,shortage,aggregate_snapshot
2026-10-03,HOSP_C,PGMED005,112,2027-01-06,7,shortage,aggregate_snapshot
2026-10-04,HOSP_C,PGMED005,76,2027-01-06,7,shortage,aggregate_snapshot
2026-10-05,HOSP_C,PGMED005,44,2027-01-06,7,shortage,aggregate_snapshot
2026-10-06,HOSP_C,PGMED005,2,2027-01-06,7,shortage,aggregate_snapshot
2026-10-07,HOSP_C,PGMED005,0,2027-01-06,7,shortage,aggregate_snapshot
2026-10-08,HOSP_C,PGMED005,0,2027-01-06,7,shortage,aggregate_snapshot
2026-09-24,HOSP_C,PGMED003,3059,2026-10-18,3,shortage,aggregate_snapshot
2026-09-25,HOSP_C,PGMED003,2865,2026-10-18,3,shortage,aggregate_snapshot
2026-09-26,HOSP_C,PGMED003,2628,2026-10-18,3,shortage,aggregate_snapshot
2026-09-27,HOSP_C,PGMED003,2391,2026-10-18,3,shortage,aggregate_snapshot
2026-09-28,HOSP_C,PGMED003,2163,2026-10-18,3,shortage,aggregate_snapshot
2026-09-29,HOSP_C,PGMED003,1980,2026-10-18,3,shortage,aggregate_snapshot
2026-09-30,HOSP_C,PGMED003,1790,2026-10-18,3,shortage,aggregate_snapshot
2026-10-01,HOSP_C,PGMED003,1562,2026-10-18,3,shortage,aggregate_snapshot
2026-10-02,HOSP_C,PGMED003,1377,2026-10-18,3,shortage,aggregate_snapshot
2026-10-03,HOSP_C,PGMED003,1204,2026-10-18,3,shortage,aggregate_snapshot
2026-10-04,HOSP_C,PGMED003,1000,2026-10-18,3,shortage,aggregate_snapshot
2026-10-05,HOSP_C,PGMED003,766,2026-10-18,3,shortage,aggregate_snapshot
2026-10-06,HOSP_C,PGMED003,551,2026-10-18,3,shortage,aggregate_snapshot
2026-10-07,HOSP_C,PGMED003,346,2026-10-18,3,shortage,aggregate_snapshot
2026-10-08,HOSP_C,PGMED003,179,2026-10-18,3,shortage,aggregate_snapshot
2026-09-24,HOSP_C,PGMED002,819,2027-01-06,5,shortage,aggregate_snapshot
2026-09-25,HOSP_C,PGMED002,750,2027-01-06,5,shortage,aggregate_snapshot
2026-09-26,HOSP_C,PGMED002,685,2027-01-06,5,shortage,aggregate_snapshot
2026-09-27,HOSP_C,PGMED002,621,2027-01-06,5,shortage,aggregate_snapshot
2026-09-28,HOSP_C,PGMED002,557,2027-01-06,5,shortage,aggregate_snapshot
2026-09-29,HOSP_C,PGMED002,501,2027-01-06,5,shortage,aggregate_snapshot
2026-09-30,HOSP_C,PGMED002,446,2027-01-06,5,shortage,aggregate_snapshot
2026-10-01,HOSP_C,PGMED002,379,2027-01-06,5,shortage,aggregate_snapshot
2026-10-02,HOSP_C,PGMED002,312,2027-01-06,5,shortage,aggregate_snapshot
2026-10-03,HOSP_C,PGMED002,244,2027-01-06,5,shortage,aggregate_snapshot
2026-10-04,HOSP_C,PGMED002,175,2027-01-06,5,shortage,aggregate_snapshot
2026-10-05,HOSP_C,PGMED002,115,2027-01-06,5,shortage,aggregate_snapshot
2026-10-06,HOSP_C,PGMED002,55,2027-01-06,5,shortage,aggregate_snapshot
2026-10-07,HOSP_C,PGMED002,0,2027-01-06,5,shortage,aggregate_snapshot
2026-10-08,HOSP_C,PGMED002,0,2027-01-06,5,shortage,aggregate_snapshot
2026-09-24,HOSP_D,PGMED004,1329,2026-10-28,4,shortage,aggregate_snapshot
2026-09-25,HOSP_D,PGMED004,1215,2026-10-28,4,shortage,aggregate_snapshot
2026-09-26,HOSP_D,PGMED004,1115,2026-10-28,4,shortage,aggregate_snapshot
2026-09-27,HOSP_D,PGMED004,992,2026-10-28,4,shortage,aggregate_snapshot
2026-09-28,HOSP_D,PGMED004,895,2026-10-28,4,shortage,aggregate_snapshot
2026-09-29,HOSP_D,PGMED004,777,2026-10-28,4,shortage,aggregate_snapshot
2026-09-30,HOSP_D,PGMED004,655,2026-10-28,4,shortage,aggregate_snapshot
2026-10-01,HOSP_D,PGMED004,546,2026-10-28,4,shortage,aggregate_snapshot
2026-10-02,HOSP_D,PGMED004,422,2026-10-28,4,shortage,aggregate_snapshot
2026-10-03,HOSP_D,PGMED004,325,2026-10-28,4,shortage,aggregate_snapshot
2026-10-04,HOSP_D,PGMED004,228,2026-10-28,4,shortage,aggregate_snapshot
2026-10-05,HOSP_D,PGMED004,93,2026-10-28,4,shortage,aggregate_snapshot
2026-10-06,HOSP_D,PGMED004,0,2026-10-28,4,shortage,aggregate_snapshot
2026-10-07,HOSP_D,PGMED004,0,2026-10-28,4,shortage,aggregate_snapshot
2026-10-08,HOSP_D,PGMED004,0,2026-10-28,4,shortage,aggregate_snapshot
2026-09-24,HOSP_D,PGMED001,1653,2027-01-28,6,shortage,aggregate_snapshot
2026-09-25,HOSP_D,PGMED001,1588,2027-01-28,6,shortage,aggregate_snapshot
2026-09-26,HOSP_D,PGMED001,1507,2027-01-28,6,shortage,aggregate_snapshot
2026-09-27,HOSP_D,PGMED001,1426,2027-01-28,6,shortage,aggregate_snapshot
2026-09-28,HOSP_D,PGMED001,1342,2027-01-28,6,shortage,aggregate_snapshot
2026-09-29,HOSP_D,PGMED001,1255,2027-01-28,6,shortage,aggregate_snapshot
2026-09-30,HOSP_D,PGMED001,1160,2027-01-28,6,shortage,aggregate_snapshot
2026-10-01,HOSP_D,PGMED001,1080,2027-01-28,6,shortage,aggregate_snapshot
2026-10-02,HOSP_D,PGMED001,1006,2027-01-28,6,shortage,aggregate_snapshot
2026-10-03,HOSP_D,PGMED001,917,2027-01-28,6,shortage,aggregate_snapshot
2026-10-04,HOSP_D,PGMED001,845,2027-01-28,6,shortage,aggregate_snapshot
2026-10-05,HOSP_D,PGMED001,767,2027-01-28,6,shortage,aggregate_snapshot
2026-10-06,HOSP_D,PGMED001,701,2027-01-28,6,shortage,aggregate_snapshot
2026-10-07,HOSP_D,PGMED001,637,2027-01-28,6,shortage,aggregate_snapshot
2026-10-08,HOSP_D,PGMED001,543,2027-01-28,6,shortage,aggregate_snapshot
2026-09-24,HOSP_D,PGMED005,728,2026-10-21,7,shortage,aggregate_snapshot
2026-09-25,HOSP_D,PGMED005,694,2026-10-21,7,shortage,aggregate_snapshot
2026-09-26,HOSP_D,PGMED005,658,2026-10-21,7,shortage,aggregate_snapshot
2026-09-27,HOSP_D,PGMED005,618,2026-10-21,7,shortage,aggregate_snapshot
2026-09-28,HOSP_D,PGMED005,575,2026-10-21,7,shortage,aggregate_snapshot
2026-09-29,HOSP_D,PGMED005,533,2026-10-21,7,shortage,aggregate_snapshot
2026-09-30,HOSP_D,PGMED005,497,2026-10-21,7,shortage,aggregate_snapshot
2026-10-01,HOSP_D,PGMED005,450,2026-10-21,7,shortage,aggregate_snapshot
2026-10-02,HOSP_D,PGMED005,407,2026-10-21,7,shortage,aggregate_snapshot
2026-10-03,HOSP_D,PGMED005,367,2026-10-21,7,shortage,aggregate_snapshot
2026-10-04,HOSP_D,PGMED005,326,2026-10-21,7,shortage,aggregate_snapshot
2026-10-05,HOSP_D,PGMED005,288,2026-10-21,7,shortage,aggregate_snapshot
2026-10-06,HOSP_D,PGMED005,253,2026-10-21,7,shortage,aggregate_snapshot
2026-10-07,HOSP_D,PGMED005,216,2026-10-21,7,shortage,aggregate_snapshot
2026-10-08,HOSP_D,PGMED005,172,2026-10-21,7,shortage,aggregate_snapshot
2026-09-24,HOSP_D,PGMED003,1634,2026-12-29,3,shortage,aggregate_snapshot
2026-09-25,HOSP_D,PGMED003,1406,2026-12-29,3,shortage,aggregate_snapshot
2026-09-26,HOSP_D,PGMED003,1190,2026-12-29,3,shortage,aggregate_snapshot
2026-09-27,HOSP_D,PGMED003,993,2026-12-29,3,shortage,aggregate_snapshot
2026-09-28,HOSP_D,PGMED003,826,2026-12-29,3,shortage,aggregate_snapshot
2026-09-29,HOSP_D,PGMED003,627,2026-12-29,3,shortage,aggregate_snapshot
2026-09-30,HOSP_D,PGMED003,430,2026-12-29,3,shortage,aggregate_snapshot
2026-10-01,HOSP_D,PGMED003,257,2026-12-29,3,shortage,aggregate_snapshot
2026-10-02,HOSP_D,PGMED003,63,2026-12-29,3,shortage,aggregate_snapshot
2026-10-03,HOSP_D,PGMED003,0,2026-12-29,3,shortage,aggregate_snapshot
2026-10-04,HOSP_D,PGMED003,0,2026-12-29,3,shortage,aggregate_snapshot
2026-10-05,HOSP_D,PGMED003,0,2026-12-29,3,shortage,aggregate_snapshot
2026-10-06,HOSP_D,PGMED003,0,2026-12-29,3,shortage,aggregate_snapshot
2026-10-07,HOSP_D,PGMED003,0,2026-12-29,3,shortage,aggregate_snapshot
2026-10-08,HOSP_D,PGMED003,0,2026-12-29,3,shortage,aggregate_snapshot
2026-09-24,HOSP_D,PGMED002,891,2026-10-13,5,shortage,aggregate_snapshot
2026-09-25,HOSP_D,PGMED002,821,2026-10-13,5,shortage,aggregate_snapshot
2026-09-26,HOSP_D,PGMED002,751,2026-10-13,5,shortage,aggregate_snapshot
2026-09-27,HOSP_D,PGMED002,683,2026-10-13,5,shortage,aggregate_snapshot
2026-09-28,HOSP_D,PGMED002,620,2026-10-13,5,shortage,aggregate_snapshot
2026-09-29,HOSP_D,PGMED002,553,2026-10-13,5,shortage,aggregate_snapshot
2026-09-30,HOSP_D,PGMED002,489,2026-10-13,5,shortage,aggregate_snapshot
2026-10-01,HOSP_D,PGMED002,428,2026-10-13,5,shortage,aggregate_snapshot
2026-10-02,HOSP_D,PGMED002,377,2026-10-13,5,shortage,aggregate_snapshot
2026-10-03,HOSP_D,PGMED002,310,2026-10-13,5,shortage,aggregate_snapshot
2026-10-04,HOSP_D,PGMED002,243,2026-10-13,5,shortage,aggregate_snapshot
2026-10-05,HOSP_D,PGMED002,180,2026-10-13,5,shortage,aggregate_snapshot
2026-10-06,HOSP_D,PGMED002,113,2026-10-13,5,shortage,aggregate_snapshot
2026-10-07,HOSP_D,PGMED002,50,2026-10-13,5,shortage,aggregate_snapshot
2026-10-08,HOSP_D,PGMED002,0,2026-10-13,5,shortage,aggregate_snapshot
