snapshot_date,hospital_id,medicine_id,source_medicine_id,batch_id,quantity_on_hand,expiry_date,source,stock_scope
2026-09-09,HOSP_A,PGMED004,MED001,BCH_6734,516,2027-01-23,ledger,batch_snapshot
2026-09-09,HOSP_A,PGMED001,MED002,BCH_5426,422,2026-12-20,ledger,batch_snapshot
2026-09-09,HOSP_A,PGMED002,MED003,BCH_9322,358,2027-02-20,ledger,batch_snapshot
2026-09-09,HOSP_B,PGMED004,MED001,BCH_7949,241,2027-01-31,ledger,batch_snapshot
2026-09-09,HOSP_B,PGMED001,MED002,BCH_2184,71,2026-11-20,ledger,batch_snapshot
2026-09-09,HOSP_B,PGMED002,MED003,BCH_9666,560,2026-11-21,ledger,batch_snapshot
2026-09-09,HOSP_C,PGMED004,MED001,BCH_1189,612,2027-03-17,ledger,batch_snapshot
2026-09-09,HOSP_C,PGMED001,MED002,BCH_4556,696,2026-11-13,ledger,batch_snapshot
2026-09-09,HOSP_C,PGMED002,MED003,BCH_6393,650,2027-02-02,ledger,batch_snapshot
2026-09-10,HOSP_A,PGMED004,MED001,BCH_8513,389,2026-11-16,ledger,batch_snapshot
2026-09-10,HOSP_A,PGMED001,MED002,BCH_6486,558,2027-03-15,ledger,batch_snapshot
2026-09-10,HOSP_A,PGMED002,MED003,BCH_9226,611,2026-12-14,ledger,batch_snapshot
2026-09-10,HOSP_B,PGMED004,MED001,BCH_4843,526,2026-11-17,ledger,batch_snapshot
2026-09-10,HOSP_B,PGMED001,MED002,BCH_7873,211,2026-11-07,ledger,batch_snapshot
2026-09-10,HOSP_B,PGMED002,MED003,BCH_1995,320,2026-10-08,ledger,batch_snapshot
2026-09-10,HOSP_C,PGMED004,MED001,BCH_2016,774,2026-11-03,ledger,batch_snapshot
2026-09-10,HOSP_C,PGMED001,MED002,BCH_8916,102,2026-12-15,ledger,batch_snapshot
2026-09-10,HOSP_C,PGMED002,MED003,BCH_5859,542,2027-01-26,ledger,batch_snapshot
2026-09-11,HOSP_A,PGMED004,MED001,BCH_9006,393,2026-10-04,ledger,batch_snapshot
2026-09-11,HOSP_A,PGMED001,MED002,BCH_3027,521,2027-02-08,ledger,batch_snapshot
2026-09-11,HOSP_A,PGMED002,MED003,BCH_6618,441,2026-12-15,ledger,batch_snapshot
2026-09-11,HOSP_B,PGMED004,MED001,BCH_6892,77,2026-11-05,ledger,batch_snapshot
2026-09-11,HOSP_B,PGMED001,MED002,BCH_9392,82,2026-12-06,ledger,batch_snapshot
2026-09-11,HOSP_B,PGMED002,MED003,BCH_9996,733,2027-01-02,ledger,batch_snapshot
2026-09-11,HOSP_C,PGMED004,MED001,BCH_9110,54,2027-02-03,ledger,batch_snapshot
2026-09-11,HOSP_C,PGMED001,MED002,BCH_1502,442,2027-02-14,ledger,batch_snapshot
2026-09-11,HOSP_C,PGMED002,MED003,BCH_6134,603,2026-12-24,ledger,batch_snapshot
2026-09-12,HOSP_A,PGMED004,MED001,BCH_3790,145,2026-11-17,ledger,batch_snapshot
2026-09-12,HOSP_A,PGMED001,MED002,BCH_2757,280,2027-02-24,ledger,batch_snapshot
2026-09-12,HOSP_A,PGMED002,MED003,BCH_4242,85,2026-10-25,ledger,batch_snapshot
2026-09-12,HOSP_B,PGMED004,MED001,BCH_6915,731,2026-12-01,ledger,batch_snapshot
2026-09-12,HOSP_B,PGMED001,MED002,BCH_4627,380,2026-12-19,ledger,batch_snapshot
2026-09-12,HOSP_B,PGMED002,MED003,BCH_6592,426,2027-02-02,ledger,batch_snapshot
2026-09-12,HOSP_C,PGMED004,MED001,BCH_6864,408,2026-09-29,ledger,batch_snapshot
2026-09-12,HOSP_C,PGMED001,MED002,BCH_6575,698,2027-02-28,ledger,batch_snapshot
2026-09-12,HOSP_C,PGMED002,MED003,BCH_1663,423,2026-11-24,ledger,batch_snapshot
2026-09-13,HOSP_A,PGMED004,MED001,BCH_4581,435,2026-11-05,ledger,batch_snapshot
2026-09-13,HOSP_A,PGMED001,MED002,BCH_8280,674,2027-01-06,ledger,batch_snapshot
2026-09-13,HOSP_A,PGMED002,MED003,BCH_1698,51,2027-01-18,ledger,batch_snapshot
2026-09-13,HOSP_B,PGMED004,MED001,BCH_8392,452,2027-02-03,ledger,batch_snapshot
2026-09-13,HOSP_B,PGMED001,MED002,BCH_6172,779,2027-03-18,ledger,batch_snapshot
2026-09-13,HOSP_B,PGMED002,MED003,BCH_6535,488,2026-12-04,ledger,batch_snapshot
2026-09-13,HOSP_C,PGMED004,MED001,BCH_3327,659,2026-12-05,ledger,batch_snapshot
2026-09-13,HOSP_C,PGMED001,MED002,BCH_8125,560,2027-02-13,ledger,batch_snapshot
2026-09-13,HOSP_C,PGMED002,MED003,BCH_9800,236,2027-01-29,ledger,batch_snapshot
2026-09-14,HOSP_A,PGMED004,MED001,BCH_1659,452,2027-03-11,ledger,batch_snapshot
2026-09-14,HOSP_A,PGMED001,MED002,BCH_2986,197,2027-02-22,ledger,batch_snapshot
2026-09-14,HOSP_A,PGMED002,MED003,BCH_2734,538,2026-11-19,ledger,batch_snapshot
2026-09-14,HOSP_B,PGMED004,MED001,BCH_3385,690,2027-01-10,ledger,batch_snapshot
2026-09-14,HOSP_B,PGMED001,MED002,BCH_9155,522,2027-04-01,ledger,batch_snapshot
2026-09-14,HOSP_B,PGMED002,MED003,BCH_6534,660,2026-11-09,ledger,batch_snapshot
2026-09-14,HOSP_C,PGMED004,MED001,BCH_9815,51,2026-11-27,ledger,batch_snapshot
2026-09-14,HOSP_C,PGMED001,MED002,BCH_6423,502,2027-02-15,ledger,batch_snapshot
2026-09-14,HOSP_C,PGMED002,MED003,BCH_8158,282,2026-10-07,ledger,batch_snapshot
2026-09-15,HOSP_A,PGMED004,MED001,BCH_2154,201,2027-02-24,ledger,batch_snapshot
2026-09-15,HOSP_A,PGMED001,MED002,BCH_2648,471,2027-03-12,ledger,batch_snapshot
2026-09-15,HOSP_A,PGMED002,MED003,BCH_9445,559,2027-01-19,ledger,batch_snapshot
2026-09-15,HOSP_B,PGMED004,MED001,BCH_3961,387,2027-02-04,ledger,batch_snapshot
2026-09-15,HOSP_B,PGMED001,MED002,BCH_3869,769,2027-03-11,ledger,batch_snapshot
2026-09-15,HOSP_B,PGMED002,MED003,BCH_9352,447,2026-12-06,ledger,batch_snapshot
2026-09-15,HOSP_C,PGMED004,MED001,BCH_7015,184,2027-02-12,ledger,batch_snapshot
2026-09-15,HOSP_C,PGMED001,MED002,BCH_5496,82,2027-02-04,ledger,batch_snapshot
2026-09-15,HOSP_C,PGMED002,MED003,BCH_9050,71,2027-01-26,ledger,batch_snapshot
2026-09-16,HOSP_A,PGMED004,MED001,BCH_4436,487,2026-11-20,ledger,batch_snapshot
2026-09-16,HOSP_A,PGMED001,MED002,BCH_4354,275,2026-10-27,ledger,batch_snapshot
2026-09-16,HOSP_A,PGMED002,MED003,BCH_5893,333,2027-01-05,ledger,batch_snapshot
2026-09-16,HOSP_B,PGMED004,MED001,BCH_8996,708,2026-11-17,ledger,batch_snapshot
2026-09-16,HOSP_B,PGMED001,MED002,BCH_5642,561,2026-11-18,ledger,batch_snapshot
2026-09-16,HOSP_B,PGMED002,MED003,BCH_8339,526,2027-03-07,ledger,batch_snapshot
2026-09-16,HOSP_C,PGMED004,MED001,BCH_2060,398,2026-10-24,ledger,batch_snapshot
2026-09-16,HOSP_C,PGMED001,MED002,BCH_4170,240,2027-01-24,ledger,batch_snapshot
2026-09-16,HOSP_C,PGMED002,MED003,BCH_3975,305,2027-03-10,ledger,batch_snapshot
2026-09-17,HOSP_A,PGMED004,MED001,BCH_6854,619,2026-11-24,ledger,batch_snapshot
2026-09-17,HOSP_A,PGMED001,MED002,BCH_2895,675,2027-03-24,ledger,batch_snapshot
2026-09-17,HOSP_A,PGMED002,MED003,BCH_5014,712,2026-12-26,ledger,batch_snapshot
2026-09-17,HOSP_B,PGMED004,MED001,BCH_1784,442,2027-01-13,ledger,batch_snapshot
2026-09-17,HOSP_B,PGMED001,MED002,BCH_6596,587,2027-03-20,ledger,batch_snapshot
2026-09-17,HOSP_B,PGMED002,MED003,BCH_2841,457,2027-03-03,ledger,batch_snapshot
2026-09-17,HOSP_C,PGMED004,MED001,BCH_5780,370,2026-10-21,ledger,batch_snapshot
2026-09-17,HOSP_C,PGMED001,MED002,BCH_7655,703,2027-02-22,ledger,batch_snapshot
2026-09-17,HOSP_C,PGMED002,MED003,BCH_7002,141,2027-02-21,ledger,batch_snapshot
2026-09-18,HOSP_A,PGMED004,MED001,BCH_1853,714,2026-11-22,ledger,batch_snapshot
2026-09-18,HOSP_A,PGMED001,MED002,BCH_7457,391,2026-11-29,ledger,batch_snapshot
2026-09-18,HOSP_A,PGMED002,MED003,BCH_4854,493,2026-11-25,ledger,batch_snapshot
2026-09-18,HOSP_B,PGMED004,MED001,BCH_6222,399,2026-10-08,ledger,batch_snapshot
2026-09-18,HOSP_B,PGMED001,MED002,BCH_7966,705,2027-03-19,ledger,batch_snapshot
2026-09-18,HOSP_B,PGMED002,MED003,BCH_5465,155,2027-02-03,ledger,batch_snapshot
2026-09-18,HOSP_C,PGMED004,MED001,BCH_9311,653,2026-12-04,ledger,batch_snapshot
2026-09-18,HOSP_C,PGMED001,MED002,BCH_9932,176,2027-01-27,ledger,batch_snapshot
2026-09-18,HOSP_C,PGMED002,MED003,BCH_2931,107,2027-02-08,ledger,batch_snapshot
2026-09-19,HOSP_A,PGMED004,MED001,BCH_8805,609,2027-01-29,ledger,batch_snapshot
2026-09-19,HOSP_A,PGMED001,MED002,BCH_8404,321,2027-01-28,ledger,batch_snapshot
2026-09-19,HOSP_A,PGMED002,MED003,BCH_1580,296,2026-10-25,ledger,batch_snapshot
2026-09-19,HOSP_B,PGMED004,MED001,BCH_2679,135,2027-03-31,ledger,batch_snapshot
2026-09-19,HOSP_B,PGMED001,MED002,BCH_6188,143,2026-11-19,ledger,batch_snapshot
2026-09-19,HOSP_B,PGMED002,MED003,BCH_7617,390,2027-03-28,ledger,batch_snapshot
2026-09-19,HOSP_C,PGMED004,MED001,BCH_8421,72,2027-01-12,ledger,batch_snapshot
2026-09-19,HOSP_C,PGMED001,MED002,BCH_3849,272,2027-04-01,ledger,batch_snapshot
2026-09-19,HOSP_C,PGMED002,MED003,BCH_7905,491,2027-02-27,ledger,batch_snapshot
2026-09-20,HOSP_A,PGMED004,MED001,BCH_5611,385,2026-10-20,ledger,batch_snapshot
2026-09-20,HOSP_A,PGMED001,MED002,BCH_7303,713,2026-12-27,ledger,batch_snapshot
2026-09-20,HOSP_A,PGMED002,MED003,BCH_7833,429,2027-03-16,ledger,batch_snapshot
2026-09-20,HOSP_B,PGMED004,MED001,BCH_6387,626,2026-12-10,ledger,batch_snapshot
2026-09-20,HOSP_B,PGMED001,MED002,BCH_4913,605,2026-11-16,ledger,batch_snapshot
2026-09-20,HOSP_B,PGMED002,MED003,BCH_5107,351,2027-01-07,ledger,batch_snapshot
2026-09-20,HOSP_C,PGMED004,MED001,BCH_9967,651,2027-01-05,ledger,batch_snapshot
2026-09-20,HOSP_C,PGMED001,MED002,BCH_9306,245,2027-01-17,ledger,batch_snapshot
2026-09-20,HOSP_C,PGMED002,MED003,BCH_1412,469,2027-02-01,ledger,batch_snapshot
2026-09-21,HOSP_A,PGMED004,MED001,BCH_6988,241,2027-03-06,ledger,batch_snapshot
2026-09-21,HOSP_A,PGMED001,MED002,BCH_2122,145,2026-11-10,ledger,batch_snapshot
2026-09-21,HOSP_A,PGMED002,MED003,BCH_7806,418,2026-11-11,ledger,batch_snapshot
2026-09-21,HOSP_B,PGMED004,MED001,BCH_3914,322,2027-01-18,ledger,batch_snapshot
2026-09-21,HOSP_B,PGMED001,MED002,BCH_1728,446,2026-12-30,ledger,batch_snapshot
2026-09-21,HOSP_B,PGMED002,MED003,BCH_1395,125,2027-03-01,ledger,batch_snapshot
2026-09-21,HOSP_C,PGMED004,MED001,BCH_1717,613,2027-02-10,ledger,batch_snapshot
2026-09-21,HOSP_C,PGMED001,MED002,BCH_6486,118,2027-02-26,ledger,batch_snapshot
2026-09-21,HOSP_C,PGMED002,MED003,BCH_5491,518,2026-10-30,ledger,batch_snapshot
2026-09-22,HOSP_A,PGMED004,MED001,BCH_3156,91,2027-04-05,ledger,batch_snapshot
2026-09-22,HOSP_A,PGMED001,MED002,BCH_7541,182,2027-02-05,ledger,batch_snapshot
2026-09-22,HOSP_A,PGMED002,MED003,BCH_6334,707,2026-12-20,ledger,batch_snapshot
2026-09-22,HOSP_B,PGMED004,MED001,BCH_1953,302,2027-02-28,ledger,batch_snapshot
2026-09-22,HOSP_B,PGMED001,MED002,BCH_2542,702,2027-03-29,ledger,batch_snapshot
2026-09-22,HOSP_B,PGMED002,MED003,BCH_7313,683,2027-02-20,ledger,batch_snapshot
2026-09-22,HOSP_C,PGMED004,MED001,BCH_6541,697,2026-12-28,ledger,batch_snapshot
2026-09-22,HOSP_C,PGMED001,MED002,BCH_2365,560,2027-02-28,ledger,batch_snapshot
2026-09-22,HOSP_C,PGMED002,MED003,BCH_5312,181,2026-11-20,ledger,batch_snapshot
2026-09-23,HOSP_A,PGMED004,MED001,BCH_2810,231,2027-01-23,ledger,batch_snapshot
2026-09-23,HOSP_A,PGMED001,MED002,BCH_5186,580,2027-01-05,ledger,batch_snapshot
2026-09-23,HOSP_A,PGMED002,MED003,BCH_5268,269,2027-02-25,ledger,batch_snapshot
2026-09-23,HOSP_B,PGMED004,MED001,BCH_9647,410,2026-12-07,ledger,batch_snapshot
2026-09-23,HOSP_B,PGMED001,MED002,BCH_4072,397,2027-02-15,ledger,batch_snapshot
2026-09-23,HOSP_B,PGMED002,MED003,BCH_1823,166,2027-03-17,ledger,batch_snapshot
2026-09-23,HOSP_C,PGMED004,MED001,BCH_7316,198,2026-12-07,ledger,batch_snapshot
2026-09-23,HOSP_C,PGMED001,MED002,BCH_6348,276,2027-03-20,ledger,batch_snapshot
2026-09-23,HOSP_C,PGMED002,MED003,BCH_7190,575,2026-11-25,ledger,batch_snapshot
2026-09-24,HOSP_A,PGMED004,MED001,BCH_3703,61,2027-04-11,ledger,batch_snapshot
2026-09-24,HOSP_A,PGMED001,MED002,BCH_6063,457,2027-01-18,ledger,batch_snapshot
2026-09-24,HOSP_A,PGMED002,MED003,BCH_5468,171,2026-10-16,ledger,batch_snapshot
2026-09-24,HOSP_B,PGMED004,MED001,BCH_4719,227,2026-12-07,ledger,batch_snapshot
2026-09-24,HOSP_B,PGMED001,MED002,BCH_5964,789,2026-11-18,ledger,batch_snapshot
2026-09-24,HOSP_B,PGMED002,MED003,BCH_8102,250,2027-03-02,ledger,batch_snapshot
2026-09-24,HOSP_C,PGMED004,MED001,BCH_3779,607,2027-03-14,ledger,batch_snapshot
2026-09-24,HOSP_C,PGMED001,MED002,BCH_4324,643,2027-02-19,ledger,batch_snapshot
2026-09-24,HOSP_C,PGMED002,MED003,BCH_2838,499,2027-03-10,ledger,batch_snapshot
2026-09-25,HOSP_A,PGMED004,MED001,BCH_2015,423,2026-11-11,ledger,batch_snapshot
2026-09-25,HOSP_A,PGMED001,MED002,BCH_3193,331,2027-04-04,ledger,batch_snapshot
2026-09-25,HOSP_A,PGMED002,MED003,BCH_4925,738,2026-12-07,ledger,batch_snapshot
2026-09-25,HOSP_B,PGMED004,MED001,BCH_8266,454,2027-02-15,ledger,batch_snapshot
2026-09-25,HOSP_B,PGMED001,MED002,BCH_3000,694,2027-01-12,ledger,batch_snapshot
2026-09-25,HOSP_B,PGMED002,MED003,BCH_2460,614,2026-11-01,ledger,batch_snapshot
2026-09-25,HOSP_C,PGMED004,MED001,BCH_5178,134,2027-03-03,ledger,batch_snapshot
2026-09-25,HOSP_C,PGMED001,MED002,BCH_7600,50,2027-01-27,ledger,batch_snapshot
2026-09-25,HOSP_C,PGMED002,MED003,BCH_8939,537,2027-01-30,ledger,batch_snapshot
2026-09-26,HOSP_A,PGMED004,MED001,BCH_8239,203,2026-11-18,ledger,batch_snapshot
2026-09-26,HOSP_A,PGMED001,MED002,BCH_1770,355,2027-02-10,ledger,batch_snapshot
2026-09-26,HOSP_A,PGMED002,MED003,BCH_2077,783,2027-02-20,ledger,batch_snapshot
2026-09-26,HOSP_B,PGMED004,MED001,BCH_2252,627,2027-01-03,ledger,batch_snapshot
2026-09-26,HOSP_B,PGMED001,MED002,BCH_5530,471,2027-01-21,ledger,batch_snapshot
2026-09-26,HOSP_B,PGMED002,MED003,BCH_7949,147,2026-11-29,ledger,batch_snapshot
2026-09-26,HOSP_C,PGMED004,MED001,BCH_2331,530,2027-03-25,ledger,batch_snapshot
2026-09-26,HOSP_C,PGMED001,MED002,BCH_6115,155,2026-11-09,ledger,batch_snapshot
2026-09-26,HOSP_C,PGMED002,MED003,BCH_3180,187,2026-11-08,ledger,batch_snapshot
2026-09-27,HOSP_A,PGMED004,MED001,BCH_3832,118,2027-01-03,ledger,batch_snapshot
2026-09-27,HOSP_A,PGMED001,MED002,BCH_8941,499,2026-12-03,ledger,batch_snapshot
2026-09-27,HOSP_A,PGMED002,MED003,BCH_7269,160,2026-11-23,ledger,batch_snapshot
2026-09-27,HOSP_B,PGMED004,MED001,BCH_7090,569,2027-02-06,ledger,batch_snapshot
2026-09-27,HOSP_B,PGMED001,MED002,BCH_9472,244,2027-01-15,ledger,batch_snapshot
2026-09-27,HOSP_B,PGMED002,MED003,BCH_5188,110,2027-03-20,ledger,batch_snapshot
2026-09-27,HOSP_C,PGMED004,MED001,BCH_6124,731,2027-01-11,ledger,batch_snapshot
2026-09-27,HOSP_C,PGMED001,MED002,BCH_7981,694,2026-10-12,ledger,batch_snapshot
2026-09-27,HOSP_C,PGMED002,MED003,BCH_3393,595,2026-11-26,ledger,batch_snapshot
2026-09-28,HOSP_A,PGMED004,MED001,BCH_8240,298,2026-11-07,ledger,batch_snapshot
2026-09-28,HOSP_A,PGMED001,MED002,BCH_7493,97,2027-01-27,ledger,batch_snapshot
2026-09-28,HOSP_A,PGMED002,MED003,BCH_2276,768,2027-04-10,ledger,batch_snapshot
2026-09-28,HOSP_B,PGMED004,MED001,BCH_9150,265,2026-12-29,ledger,batch_snapshot
2026-09-28,HOSP_B,PGMED001,MED002,BCH_1364,575,2027-03-15,ledger,batch_snapshot
2026-09-28,HOSP_B,PGMED002,MED003,BCH_6122,799,2027-01-31,ledger,batch_snapshot
2026-09-28,HOSP_C,PGMED004,MED001,BCH_2906,241,2026-10-27,ledger,batch_snapshot
2026-09-28,HOSP_C,PGMED001,MED002,BCH_6750,763,2026-11-09,ledger,batch_snapshot
2026-09-28,HOSP_C,PGMED002,MED003,BCH_2976,280,2026-10-29,ledger,batch_snapshot
2026-09-29,HOSP_A,PGMED004,MED001,BCH_7288,261,2026-10-26,ledger,batch_snapshot
2026-09-29,HOSP_A,PGMED001,MED002,BCH_8561,282,2026-12-19,ledger,batch_snapshot
2026-09-29,HOSP_A,PGMED002,MED003,BCH_7371,519,2027-02-01,ledger,batch_snapshot
2026-09-29,HOSP_B,PGMED004,MED001,BCH_7891,603,2027-01-04,ledger,batch_snapshot
2026-09-29,HOSP_B,PGMED001,MED002,BCH_3739,369,2026-11-08,ledger,batch_snapshot
2026-09-29,HOSP_B,PGMED002,MED003,BCH_1876,338,2027-02-11,ledger,batch_snapshot
2026-09-29,HOSP_C,PGMED004,MED001,BCH_6622,565,2027-02-02,ledger,batch_snapshot
2026-09-29,HOSP_C,PGMED001,MED002,BCH_7986,399,2026-12-14,ledger,batch_snapshot
2026-09-29,HOSP_C,PGMED002,MED003,BCH_4735,186,2026-12-07,ledger,batch_snapshot
2026-09-30,HOSP_A,PGMED004,MED001,BCH_2063,272,2026-11-19,ledger,batch_snapshot
2026-09-30,HOSP_A,PGMED001,MED002,BCH_8489,53,2026-12-28,ledger,batch_snapshot
2026-09-30,HOSP_A,PGMED002,MED003,BCH_9837,655,2027-02-09,ledger,batch_snapshot
2026-09-30,HOSP_B,PGMED004,MED001,BCH_7316,694,2026-11-27,ledger,batch_snapshot
2026-09-30,HOSP_B,PGMED001,MED002,BCH_9915,162,2026-11-03,ledger,batch_snapshot
2026-09-30,HOSP_B,PGMED002,MED003,BCH_3048,703,2027-01-12,ledger,batch_snapshot
2026-09-30,HOSP_C,PGMED004,MED001,BCH_2917,560,2027-03-02,ledger,batch_snapshot
2026-09-30,HOSP_C,PGMED001,MED002,BCH_7988,722,2026-10-17,ledger,batch_snapshot
2026-09-30,HOSP_C,PGMED002,MED003,BCH_1009,699,2026-10-19,ledger,batch_snapshot
2026-10-01,HOSP_A,PGMED004,MED001,BCH_6287,645,2027-02-22,ledger,batch_snapshot
2026-10-01,HOSP_A,PGMED001,MED002,BCH_2342,378,2027-01-24,ledger,batch_snapshot
2026-10-01,HOSP_A,PGMED002,MED003,BCH_3824,599,2027-03-07,ledger,batch_snapshot
2026-10-01,HOSP_B,PGMED004,MED001,BCH_1235,383,2027-04-11,ledger,batch_snapshot
2026-10-01,HOSP_B,PGMED001,MED002,BCH_6256,637,2027-03-26,ledger,batch_snapshot
2026-10-01,HOSP_B,PGMED002,MED003,BCH_3560,369,2026-11-24,ledger,batch_snapshot
2026-10-01,HOSP_C,PGMED004,MED001,BCH_7413,340,2026-12-14,ledger,batch_snapshot
2026-10-01,HOSP_C,PGMED001,MED002,BCH_3898,127,2027-02-15,ledger,batch_snapshot
2026-10-01,HOSP_C,PGMED002,MED003,BCH_5227,798,2027-01-12,ledger,batch_snapshot
2026-10-02,HOSP_A,PGMED004,MED001,BCH_7943,686,2027-04-13,ledger,batch_snapshot
2026-10-02,HOSP_A,PGMED001,MED002,BCH_6984,624,2026-11-08,ledger,batch_snapshot
2026-10-02,HOSP_A,PGMED002,MED003,BCH_3712,274,2027-03-10,ledger,batch_snapshot
2026-10-02,HOSP_B,PGMED004,MED001,BCH_5018,247,2026-11-24,ledger,batch_snapshot
2026-10-02,HOSP_B,PGMED001,MED002,BCH_2202,497,2026-11-27,ledger,batch_snapshot
2026-10-02,HOSP_B,PGMED002,MED003,BCH_6742,338,2027-03-22,ledger,batch_snapshot
2026-10-02,HOSP_C,PGMED004,MED001,BCH_1419,599,2027-03-22,ledger,batch_snapshot
2026-10-02,HOSP_C,PGMED001,MED002,BCH_1950,303,2026-11-18,ledger,batch_snapshot
2026-10-02,HOSP_C,PGMED002,MED003,BCH_3645,571,2026-12-21,ledger,batch_snapshot
2026-10-03,HOSP_A,PGMED004,MED001,BCH_7028,277,2027-03-25,ledger,batch_snapshot
2026-10-03,HOSP_A,PGMED001,MED002,BCH_8863,206,2026-11-01,ledger,batch_snapshot
2026-10-03,HOSP_A,PGMED002,MED003,BCH_3371,734,2027-01-01,ledger,batch_snapshot
2026-10-03,HOSP_B,PGMED004,MED001,BCH_1793,332,2026-11-29,ledger,batch_snapshot
2026-10-03,HOSP_B,PGMED001,MED002,BCH_6779,303,2026-10-28,ledger,batch_snapshot
2026-10-03,HOSP_B,PGMED002,MED003,BCH_7166,395,2026-12-03,ledger,batch_snapshot
2026-10-03,HOSP_C,PGMED004,MED001,BCH_8783,665,2027-02-05,ledger,batch_snapshot
2026-10-03,HOSP_C,PGMED001,MED002,BCH_8147,373,2027-01-25,ledger,batch_snapshot
2026-10-03,HOSP_C,PGMED002,MED003,BCH_4876,176,2026-12-28,ledger,batch_snapshot
2026-10-04,HOSP_A,PGMED004,MED001,BCH_6109,78,2026-12-08,ledger,batch_snapshot
2026-10-04,HOSP_A,PGMED001,MED002,BCH_4368,456,2026-10-29,ledger,batch_snapshot
2026-10-04,HOSP_A,PGMED002,MED003,BCH_6732,395,2027-03-16,ledger,batch_snapshot
2026-10-04,HOSP_B,PGMED004,MED001,BCH_3708,358,2027-04-11,ledger,batch_snapshot
2026-10-04,HOSP_B,PGMED001,MED002,BCH_9393,362,2027-04-16,ledger,batch_snapshot
2026-10-04,HOSP_B,PGMED002,MED003,BCH_8970,293,2026-12-20,ledger,batch_snapshot
2026-10-04,HOSP_C,PGMED004,MED001,BCH_9577,259,2027-03-02,ledger,batch_snapshot
2026-10-04,HOSP_C,PGMED001,MED002,BCH_9609,578,2027-01-17,ledger,batch_snapshot
2026-10-04,HOSP_C,PGMED002,MED003,BCH_2990,759,2027-04-16,ledger,batch_snapshot
2026-10-05,HOSP_A,PGMED004,MED001,BCH_5757,205,2027-03-22,ledger,batch_snapshot
2026-10-05,HOSP_A,PGMED001,MED002,BCH_1966,133,2027-01-08,ledger,batch_snapshot
2026-10-05,HOSP_A,PGMED002,MED003,BCH_4701,525,2027-01-13,ledger,batch_snapshot
2026-10-05,HOSP_B,PGMED004,MED001,BCH_2759,264,2027-03-09,ledger,batch_snapshot
2026-10-05,HOSP_B,PGMED001,MED002,BCH_3079,334,2027-03-26,ledger,batch_snapshot
2026-10-05,HOSP_B,PGMED002,MED003,BCH_9477,473,2027-03-12,ledger,batch_snapshot
2026-10-05,HOSP_C,PGMED004,MED001,BCH_6490,243,2027-04-12,ledger,batch_snapshot
2026-10-05,HOSP_C,PGMED001,MED002,BCH_6232,271,2027-02-10,ledger,batch_snapshot
2026-10-05,HOSP_C,PGMED002,MED003,BCH_5926,313,2027-02-28,ledger,batch_snapshot
2026-10-06,HOSP_A,PGMED004,MED001,BCH_5873,211,2027-02-07,ledger,batch_snapshot
2026-10-06,HOSP_A,PGMED001,MED002,BCH_1054,227,2026-11-21,ledger,batch_snapshot
2026-10-06,HOSP_A,PGMED002,MED003,BCH_1832,492,2026-12-16,ledger,batch_snapshot
2026-10-06,HOSP_B,PGMED004,MED001,BCH_7722,658,2026-12-10,ledger,batch_snapshot
2026-10-06,HOSP_B,PGMED001,MED002,BCH_4054,467,2026-10-28,ledger,batch_snapshot
2026-10-06,HOSP_B,PGMED002,MED003,BCH_3143,127,2027-01-16,ledger,batch_snapshot
2026-10-06,HOSP_C,PGMED004,MED001,BCH_5547,231,2027-04-03,ledger,batch_snapshot
2026-10-06,HOSP_C,PGMED001,MED002,BCH_6005,56,2026-12-14,ledger,batch_snapshot
2026-10-06,HOSP_C,PGMED002,MED003,BCH_9966,200,2027-03-30,ledger,batch_snapshot
2026-10-07,HOSP_A,PGMED004,MED001,BCH_2308,563,2027-01-11,ledger,batch_snapshot
2026-10-07,HOSP_A,PGMED001,MED002,BCH_7852,572,2027-03-18,ledger,batch_snapshot
2026-10-07,HOSP_A,PGMED002,MED003,BCH_5566,445,2027-02-17,ledger,batch_snapshot
2026-10-07,HOSP_B,PGMED004,MED001,BCH_2279,275,2027-03-07,ledger,batch_snapshot
2026-10-07,HOSP_B,PGMED001,MED002,BCH_6619,413,2027-01-15,ledger,batch_snapshot
2026-10-07,HOSP_B,PGMED002,MED003,BCH_3679,776,2026-12-19,ledger,batch_snapshot
2026-10-07,HOSP_C,PGMED004,MED001,BCH_3573,601,2026-10-30,ledger,batch_snapshot
2026-10-07,HOSP_C,PGMED001,MED002,BCH_9428,408,2026-11-15,ledger,batch_snapshot
2026-10-07,HOSP_C,PGMED002,MED003,BCH_6877,284,2026-11-12,ledger,batch_snapshot
2026-10-08,HOSP_A,PGMED004,MED001,BCH_9996,195,2027-01-05,ledger,batch_snapshot
2026-10-08,HOSP_A,PGMED001,MED002,BCH_6475,83,2026-12-02,ledger,batch_snapshot
2026-10-08,HOSP_A,PGMED002,MED003,BCH_6796,427,2027-03-24,ledger,batch_snapshot
2026-10-08,HOSP_B,PGMED004,MED001,BCH_3074,336,2026-12-18,ledger,batch_snapshot
2026-10-08,HOSP_B,PGMED001,MED002,BCH_5263,317,2027-01-28,ledger,batch_snapshot
2026-10-08,HOSP_B,PGMED002,MED003,BCH_3969,607,2027-02-21,ledger,batch_snapshot
2026-10-08,HOSP_C,PGMED004,MED001,BCH_3866,341,2027-04-21,ledger,batch_snapshot
2026-10-08,HOSP_C,PGMED001,MED002,BCH_5124,345,2027-03-20,ledger,batch_snapshot
2026-10-08,HOSP_C,PGMED002,MED003,BCH_8679,162,2027-04-04,ledger,batch_snapshot
