date,hospital_id,medicine_id,source_days_to_stockout,source_shortage_warning,source_expiry_risk_status,source
2026-09-24,HOSP_A,PGMED004,10.3,NORMAL,SAFE,shortage
2026-09-25,HOSP_A,PGMED004,11.4,NORMAL,SAFE,shortage
2026-09-26,HOSP_A,PGMED004,10.4,NORMAL,SAFE,shortage
2026-09-27,HOSP_A,PGMED004,10.0,NORMAL,SAFE,shortage
2026-09-28,HOSP_A,PGMED004,6.1,WARNING_REORDER_NOW,SAFE,shortage
2026-09-29,HOSP_A,PGMED004,5.8,WARNING_REORDER_NOW,SAFE,shortage
2026-09-30,HOSP_A,PGMED004,4.5,WARNING_REORDER_NOW,SAFE,shortage
2026-10-01,HOSP_A,PGMED004,5.1,WARNING_REORDER_NOW,SAFE,shortage
2026-10-02,HOSP_A,PGMED004,2.5,CRITICAL_STOCKOUT_IMMINENT,SAFE,shortage
2026-10-03,HOSP_A,PGMED004,1.6,CRITICAL_STOCKOUT_IMMINENT,SAFE,shortage
2026-10-04,HOSP_A,PGMED004,0.0,CRITICAL_STOCKOUT_IMMINENT,SAFE,shortage
2026-10-05,HOSP_A,PGMED004,0.0,CRITICAL_STOCKOUT_IMMINENT,SAFE,shortage
2026-10-06,HOSP_A,PGMED004,0.0,CRITICAL_STOCKOUT_IMMINENT,SAFE,shortage
2026-10-07,HOSP_A,PGMED004,0.0,CRITICAL_STOCKOUT_IMMINENT,SAFE,shortage
2026-10-08,HOSP_A,PGMED004,0.0,CRITICAL_STOCKOUT_IMMINENT,SAFE,shortage
2026-09-24,HOSP_A,PGMED001,17.9,NORMAL,SAFE,shortage
2026-09-25,HOSP_A,PGMED001,11.3,NORMAL,SAFE,shortage
2026-09-26,HOSP_A,PGMED001,14.1,NORMAL,SAFE,shortage
2026-09-27,HOSP_A,PGMED001,14.2,NORMAL,SAFE,shortage
2026-09-28,HOSP_A,PGMED001,10.3,NORMAL,SAFE,shortage
2026-09-29,HOSP_A,PGMED001,10.2,NORMAL,SAFE,shortage
2026-09-30,HOSP_A,PGMED001,7.2,WARNING_REORDER_NOW,SAFE,shortage
2026-10-01,HOSP_A,PGMED001,7.7,WARNING_REORDER_NOW,SAFE,shortage
2026-10-02,HOSP_A,PGMED001,5.6,CRITICAL_STOCKOUT_IMMINENT,SAFE,shortage
2026-10-03,HOSP_A,PGMED001,5.0,CRITICAL_STOCKOUT_IMMINENT,SAFE,shortage
2026-10-04,HOSP_A,PGMED001,0.4,CRITICAL_STOCKOUT_IMMINENT,SAFE,shortage
2026-10-05,HOSP_A,PGMED001,0.0,CRITICAL_STOCKOUT_IMMINENT,SAFE,shortage
2026-10-06,HOSP_A,PGMED001,0.0,CRITICAL_STOCKOUT_IMMINENT,SAFE,shortage
2026-10-07,HOSP_A,PGMED001,0.0,CRITICAL_STOCKOUT_IMMINENT,SAFE,shortage
2026-10-08,HOSP_A,PGMED001,0.0,CRITICAL_STOCKOUT_IMMINENT,SAFE,shortage
2026-09-24,HOSP_A,PGMED005,13.2,NORMAL,SAFE,shortage
2026-09-25,HOSP_A,PGMED005,12.5,NORMAL,SAFE,shortage
2026-09-26,HOSP_A,PGMED005,10.4,NORMAL,SAFE,shortage
2026-09-27,HOSP_A,PGMED005,12.8,NORMAL,SAFE,shortage
2026-09-28,HOSP_A,PGMED005,10.4,NORMAL,SAFE,shortage
2026-09-29,HOSP_A,PGMED005,10.6,NORMAL,SAFE,shortage
2026-09-30,HOSP_A,PGMED005,7.2,WARNING_REORDER_NOW,SAFE,shortage
2026-10-01,HOSP_A,PGMED005,7.4,WARNING_REORDER_NOW,SAFE,shortage
2026-10-02,HOSP_A,PGMED005,7.0,CRITICAL_STOCKOUT_IMMINENT,SAFE,shortage
2026-10-03,HOSP_A,PGMED005,5.0,CRITICAL_STOCKOUT_IMMINENT,SAFE,shortage
2026-10-04,HOSP_A,PGMED005,0.7,CRITICAL_STOCKOUT_IMMINENT,SAFE,shortage
2026-10-05,HOSP_A,PGMED005,0.0,CRITICAL_STOCKOUT_IMMINENT,SAFE,shortage
2026-10-06,HOSP_A,PGMED005,0.0,CRITICAL_STOCKOUT_IMMINENT,SAFE,shortage
2026-10-07,HOSP_A,PGMED005,0.0,CRITICAL_STOCKOUT_IMMINENT,SAFE,shortage
2026-10-08,HOSP_A,PGMED005,0.0,CRITICAL_STOCKOUT_IMMINENT,SAFE,shortage
2026-09-24,HOSP_A,PGMED003,10.0,NORMAL,SAFE,shortage
2026-09-25,HOSP_A,PGMED003,9.4,NORMAL,SAFE,shortage
2026-09-26,HOSP_A,PGMED003,9.1,NORMAL,SAFE,shortage
2026-09-27,HOSP_A,PGMED003,8.0,NORMAL,SAFE,shortage
2026-09-28,HOSP_A,PGMED003,6.0,WARNING_REORDER_NOW,SAFE,shortage
2026-09-29,HOSP_A,PGMED003,5.8,WARNING_REORDER_NOW,SAFE,shortage
2026-09-30,HOSP_A,PGMED003,5.6,WARNING_REORDER_NOW,SAFE,shortage
2026-10-01,HOSP_A,PGMED003,4.6,WARNING_REORDER_NOW,SAFE,shortage
2026-10-02,HOSP_A,PGMED003,3.8,WARNING_REORDER_NOW,SAFE,shortage
2026-10-03,HOSP_A,PGMED003,3.1,WARNING_REORDER_NOW,SAFE,shortage
2026-10-04,HOSP_A,PGMED003,0.0,CRITICAL_STOCKOUT_IMMINENT,SAFE,shortage
2026-10-05,HOSP_A,PGMED003,0.0,CRITICAL_STOCKOUT_IMMINENT,SAFE,shortage
2026-10-06,HOSP_A,PGMED003,0.0,CRITICAL_STOCKOUT_IMMINENT,SAFE,shortage
2026-10-07,HOSP_A,PGMED003,0.0,CRITICAL_STOCKOUT_IMMINENT,SAFE,shortage
2026-10-08,HOSP_A,PGMED003,0.0,CRITICAL_STOCKOUT_IMMINENT,SAFE,shortage
2026-09-24,HOSP_A,PGMED002,15.5,NORMAL,SAFE,shortage
2026-09-25,HOSP_A,PGMED002,16.2,NORMAL,SAFE,shortage
2026-09-26,HOSP_A,PGMED002,13.8,NORMAL,SAFE,shortage
2026-09-27,HOSP_A,PGMED002,13.0,NORMAL,SAFE,shortage
2026-09-28,HOSP_A,PGMED002,14.3,NORMAL,SAFE,shortage
2026-09-29,HOSP_A,PGMED002,15.5,NORMAL,SAFE,shortage
2026-09-30,HOSP_A,PGMED002,12.9,NORMAL,SAFE,shortage
2026-10-01,HOSP_A,PGMED002,10.3,NORMAL,SAFE,shortage
2026-10-02,HOSP_A,PGMED002,9.4,NORMAL,SAFE,shortage
2026-10-03,HOSP_A,PGMED002,8.6,NORMAL,SAFE,shortage
2026-10-04,HOSP_A,PGMED002,8.9,NORMAL,SAFE,shortage
2026-10-05,HOSP_A,PGMED002,6.8,WARNING_REORDER_NOW,SAFE,shortage
2026-10-06,HOSP_A,PGMED002,6.3,WARNING_REORDER_NOW,SAFE,shortage
2026-10-07,HOSP_A,PGMED002,4.1,CRITICAL_STOCKOUT_IMMINENT,SAFE,shortage
2026-10-08,HOSP_A,PGMED002,3.2,CRITICAL_STOCKOUT_IMMINENT,SAFE,shortage
2026-09-24,HOSP_B,PGMED004,14.3,NORMAL,SAFE,shortage
2026-09-25,HOSP_B,PGMED004,17.4,NORMAL,SAFE,shortage
2026-09-26,HOSP_B,PGMED004,14.0,NORMAL,SAFE,shortage
2026-09-27,HOSP_B,PGMED004,14.6,NORMAL,SAFE,shortage
2026-09-28,HOSP_B,PGMED004,10.1,NORMAL,SAFE,shortage
2026-09-29,HOSP_B,PGMED004,10.8,NORMAL,SAFE,shortage
2026-09-30,HOSP_B,PGMED004,9.4,NORMAL,SAFE,shortage
2026-10-01,HOSP_B,PGMED004,7.9,NORMAL,SAFE,shortage
2026-10-02,HOSP_B,PGMED004,9.0,NORMAL,SAFE,shortage
2026-10-03,HOSP_B,PGMED004,6.4,WARNING_REORDER_NOW,SAFE,shortage
2026-10-04,HOSP_B,PGMED004,0.6,CRITICAL_STOCKOUT_IMMINENT,SAFE,shortage
2026-10-05,HOSP_B,PGMED004,0.0,CRITICAL_STOCKOUT_IMMINENT,SAFE,shortage
2026-10-06,HOSP_B,PGMED004,0.0,CRITICAL_STOCKOUT_IMMINENT,SAFE,shortage
2026-10-07,HOSP_B,PGMED004,0.0,CRITICAL_STOCKOUT_IMMINENT,SAFE,shortage
2026-10-08,HOSP_B,PGMED004,0.0,CRITICAL_STOCKOUT_IMMINENT,SAFE,shortage
2026-09-24,HOSP_B,PGMED001,23.4,NORMAL,SAFE,shortage
2026-09-25,HOSP_B,PGMED001,19.1,NORMAL,SAFE,shortage
2026-09-26,HOSP_B,PGMED001,20.3,NORMAL,SAFE,shortage
2026-09-27,HOSP_B,PGMED001,17.5,NORMAL,SAFE,shortage
2026-09-28,HOSP_B,PGMED001,13.6,NORMAL,SAFE,shortage
2026-09-29,HOSP_B,PGMED001,15.9,NORMAL,SAFE,shortage
2026-09-30,HOSP_B,PGMED001,16.6,NORMAL,SAFE,shortage
2026-10-01,HOSP_B,PGMED001,13.8,NORMAL,SAFE,shortage
2026-10-02,HOSP_B,PGMED001,10.2,NORMAL,SAFE,shortage
2026-10-03,HOSP_B,PGMED001,12.1,NORMAL,SAFE,shortage
2026-10-04,HOSP_B,PGMED001,1.5,CRITICAL_STOCKOUT_IMMINENT,SAFE,shortage
2026-10-05,HOSP_B,PGMED001,1.2,CRITICAL_STOCKOUT_IMMINENT,SAFE,shortage
2026-10-06,HOSP_B,PGMED001,0.0,CRITICAL_STOCKOUT_IMMINENT,SAFE,shortage
2026-10-07,HOSP_B,PGMED001,0.0,CRITICAL_STOCKOUT_IMMINENT,SAFE,shortage
2026-10-08,HOSP_B,PGMED001,0.0,CRITICAL_STOCKOUT_IMMINENT,SAFE,shortage
2026-09-24,HOSP_B,PGMED005,13.3,NORMAL,SAFE,shortage
2026-09-25,HOSP_B,PGMED005,12.7,NORMAL,SAFE,shortage
2026-09-26,HOSP_B,PGMED005,12.0,NORMAL,SAFE,shortage
2026-09-27,HOSP_B,PGMED005,10.7,NORMAL,SAFE,shortage
2026-09-28,HOSP_B,PGMED005,8.3,WARNING_REORDER_NOW,SAFE,shortage
2026-09-29,HOSP_B,PGMED005,7.8,WARNING_REORDER_NOW,SAFE,shortage
2026-09-30,HOSP_B,PGMED005,8.0,WARNING_REORDER_NOW,SAFE,shortage
2026-10-01,HOSP_B,PGMED005,6.3,CRITICAL_STOCKOUT_IMMINENT,SAFE,shortage
2026-10-02,HOSP_B,PGMED005,5.5,CRITICAL_STOCKOUT_IMMINENT,SAFE,shortage
2026-10-03,HOSP_B,PGMED005,3.5,CRITICAL_STOCKOUT_IMMINENT,SAFE,shortage
2026-10-04,HOSP_B,PGMED005,0.0,CRITICAL_STOCKOUT_IMMINENT,SAFE,shortage
2026-10-05,HOSP_B,PGMED005,0.0,CRITICAL_STOCKOUT_IMMINENT,SAFE,shortage
2026-10-06,HOSP_B,PGMED005,0.0,CRITICAL_STOCKOUT_IMMINENT,SAFE,shortage
2026-10-07,HOSP_B,PGMED005,0.0,CRITICAL_STOCKOUT_IMMINENT,SAFE,shortage
2026-10-08,HOSP_B,PGMED005,0.0,CRITICAL_STOCKOUT_IMMINENT,SAFE,shortage
2026-09-24,HOSP_B,PGMED003,13.3,NORMAL,SAFE,shortage
2026-09-25,HOSP_B,PGMED003,13.0,NORMAL,SAFE,shortage
2026-09-26,HOSP_B,PGMED003,10.1,NORMAL,SAFE,shortage
2026-09-27,HOSP_B,PGMED003,7.5,NORMAL,SAFE,shortage
2026-09-28,HOSP_B,PGMED003,8.9,NORMAL,SAFE,shortage
2026-09-29,HOSP_B,PGMED003,6.5,NORMAL,SAFE,shortage
2026-09-30,HOSP_B,PGMED003,5.3,WARNING_REORDER_NOW,SAFE,shortage
2026-10-01,HOSP_B,PGMED003,5.5,WARNING_REORDER_NOW,SAFE,shortage
2026-10-02,HOSP_B,PGMED003,3.5,WARNING_REORDER_NOW,SAFE,shortage
2026-10-03,HOSP_B,PGMED003,3.1,WARNING_REORDER_NOW,SAFE,shortage
2026-10-04,HOSP_B,PGMED003,0.0,CRITICAL_STOCKOUT_IMMINENT,SAFE,shortage
2026-10-05,HOSP_B,PGMED003,0.0,CRITICAL_STOCKOUT_IMMINENT,SAFE,shortage
2026-10-06,HOSP_B,PGMED003,0.0,CRITICAL_STOCKOUT_IMMINENT,SAFE,shortage
2026-10-07,HOSP_B,PGMED003,0.0,CRITICAL_STOCKOUT_IMMINENT,SAFE,shortage
2026-10-08,HOSP_B,PGMED003,0.0,CRITICAL_STOCKOUT_IMMINENT,SAFE,shortage
2026-09-24,HOSP_B,PGMED002,15.0,NORMAL,SAFE,shortage
2026-09-25,HOSP_B,PGMED002,13.5,NORMAL,SAFE,shortage
2026-09-26,HOSP_B,PGMED002,17.1,NORMAL,SAFE,shortage
2026-09-27,HOSP_B,PGMED002,12.7,NORMAL,SAFE,shortage
2026-09-28,HOSP_B,PGMED002,13.3,NORMAL,SAFE,shortage
2026-09-29,HOSP_B,PGMED002,10.2,NORMAL,SAFE,shortage
2026-09-30,HOSP_B,PGMED002,11.4,NORMAL,SAFE,shortage
2026-10-01,HOSP_B,PGMED002,8.2,NORMAL,SAFE,shortage
2026-10-02,HOSP_B,PGMED002,8.2,NORMAL,SAFE,shortage
2026-10-03,HOSP_B,PGMED002,5.7,WARNING_REORDER_NOW,SAFE,shortage
2026-10-04,HOSP_B,PGMED002,6.8,WARNING_REORDER_NOW,SAFE,shortage
2026-10-05,HOSP_B,PGMED002,5.2,WARNING_REORDER_NOW,SAFE,shortage
2026-10-06,HOSP_B,PGMED002,4.9,CRITICAL_STOCKOUT_IMMINENT,SAFE,shortage
2026-10-07,HOSP_B,PGMED002,2.5,CRITICAL_STOCKOUT_IMMINENT,SAFE,shortage
2026-10-08,HOSP_B,PGMED002,1.5,CRITICAL_STOCKOUT_IMMINENT,SAFE,shortage
2026-09-24,HOSP_C,PGMED004,18.4,NORMAL,SAFE,shortage
2026-09-25,HOSP_C,PGMED004,12.9,NORMAL,SAFE,shortage
2026-09-26,HOSP_C,PGMED004,12.0,NORMAL,SAFE,shortage
2026-09-27,HOSP_C,PGMED004,12.9,NORMAL,SAFE,shortage
2026-09-28,HOSP_C,PGMED004,10.4,NORMAL,SAFE,shortage
2026-09-29,HOSP_C,PGMED004,12.7,NORMAL,SAFE,shortage
2026-09-30,HOSP_C,PGMED004,11.3,NORMAL,SAFE,shortage
2026-10-01,HOSP_C,PGMED004,8.5,NORMAL,SAFE,shortage
2026-10-02,HOSP_C,PGMED004,7.1,NORMAL,SAFE,shortage
2026-10-03,HOSP_C,PGMED004,6.0,WARNING_REORDER_NOW,SAFE,shortage
2026-10-04,HOSP_C,PGMED004,6.2,WARNING_REORDER_NOW,SAFE,shortage
2026-10-05,HOSP_C,PGMED004,4.1,WARNING_REORDER_NOW,SAFE,shortage
2026-10-06,HOSP_C,PGMED004,3.2,CRITICAL_STOCKOUT_IMMINENT,SAFE,shortage
2026-10-07,HOSP_C,PGMED004,2.1,CRITICAL_STOCKOUT_IMMINENT,SAFE,shortage
2026-10-08,HOSP_C,PGMED004,1.2,CRITICAL_STOCKOUT_IMMINENT,SAFE,shortage
2026-09-24,HOSP_C,PGMED001,11.7,NORMAL,SAFE,shortage
2026-09-25,HOSP_C,PGMED001,14.2,NORMAL,SAFE,shortage
2026-09-26,HOSP_C,PGMED001,13.2,NORMAL,SAFE,shortage
2026-09-27,HOSP_C,PGMED001,11.2,NORMAL,SAFE,shortage
2026-09-28,HOSP_C,PGMED001,10.3,NORMAL,SAFE,shortage
2026-09-29,HOSP_C,PGMED001,7.5,WARNING_REORDER_NOW,SAFE,shortage
2026-09-30,HOSP_C,PGMED001,9.3,NORMAL,SAFE,shortage
2026-10-01,HOSP_C,PGMED001,9.0,WARNING_REORDER_NOW,SAFE,shortage
2026-10-02,HOSP_C,PGMED001,6.3,WARNING_REORDER_NOW,SAFE,shortage
2026-10-03,HOSP_C,PGMED001,6.2,WARNING_REORDER_NOW,SAFE,shortage
2026-10-04,HOSP_C,PGMED001,4.7,CRITICAL_STOCKOUT_IMMINENT,SAFE,shortage
2026-10-05,HOSP_C,PGMED001,3.1,CRITICAL_STOCKOUT_IMMINENT,SAFE,shortage
2026-10-06,HOSP_C,PGMED001,2.1,CRITICAL_STOCKOUT_IMMINENT,SAFE,shortage
2026-10-07,HOSP_C,PGMED001,1.5,CRITICAL_STOCKOUT_IMMINENT,SAFE,shortage
2026-10-08,HOSP_C,PGMED001,0.3,CRITICAL_STOCKOUT_IMMINENT,SAFE,shortage
2026-09-24,HOSP_C,PGMED005,10.2,NORMAL,SAFE,shortage
2026-09-25,HOSP_C,PGMED005,11.6,NORMAL,SAFE,shortage
2026-09-26,HOSP_C,PGMED005,8.6,WARNING_REORDER_NOW,SAFE,shortage
2026-09-27,HOSP_C,PGMED005,8.4,WARNING_REORDER_NOW,SAFE,shortage
2026-09-28,HOSP_C,PGMED005,7.0,CRITICAL_STOCKOUT_IMMINENT,SAFE,shortage
2026-09-29,HOSP_C,PGMED005,6.8,CRITICAL_STOCKOUT_IMMINENT,SAFE,shortage
2026-09-30,HOSP_C,PGMED005,5.6,CRITICAL_STOCKOUT_IMMINENT,SAFE,shortage
2026-10-01,HOSP_C,PGMED005,4.9,CRITICAL_STOCKOUT_IMMINENT,SAFE,shortage
2026-10-02,HOSP_C,PGMED005,4.4,CRITICAL_STOCKOUT_IMMINENT,SAFE,shortage
2026-10-03,HOSP_C,PGMED005,2.6,CRITICAL_STOCKOUT_IMMINENT,SAFE,shortage
2026-10-04,HOSP_C,PGMED005,2.1,CRITICAL_STOCKOUT_IMMINENT,SAFE,shortage
2026-10-05,HOSP_C,PGMED005,1.4,CRITICAL_STOCKOUT_IMMINENT,SAFE,shortage
2026-10-06,HOSP_C,PGMED005,0.0,CRITICAL_STOCKOUT_IMMINENT,SAFE,shortage
2026-10-07,HOSP_C,PGMED005,0.0,CRITICAL_STOCKOUT_IMMINENT,SAFE,shortage
2026-10-08,HOSP_C,PGMED005,0.0,CRITICAL_STOCKOUT_IMMINENT,SAFE,shortage
2026-09-24,HOSP_C,PGMED003,13.1,NORMAL,SAFE,shortage
2026-09-25,HOSP_C,PGMED003,14.8,NORMAL,SAFE,shortage
2026-09-26,HOSP_C,PGMED003,11.1,NORMAL,SAFE,shortage
2026-09-27,HOSP_C,PGMED003,10.1,NORMAL,SAFE,shortage
2026-09-28,HOSP_C,PGMED003,9.5,NORMAL,SAFE,shortage
2026-09-29,HOSP_C,PGMED003,10.8,NORMAL,SAFE,shortage
2026-09-30,HOSP_C,PGMED003,9.4,NORMAL,SAFE,shortage
2026-10-01,HOSP_C,PGMED003,6.9,NORMAL,SAFE,shortage
2026-10-02,HOSP_C,PGMED003,7.4,NORMAL,SAFE,shortage
2026-10-03,HOSP_C,PGMED003,7.0,NORMAL,SAFE,shortage
2026-10-04,HOSP_C,PGMED003,4.9,WARNING_REORDER_NOW,SAFE,shortage
2026-10-05,HOSP_C,PGMED003,3.3,WARNING_REORDER_NOW,SAFE,shortage
2026-10-06,HOSP_C,PGMED003,2.6,CRITICAL_STOCKOUT_IMMINENT,SAFE,shortage
2026-10-07,HOSP_C,PGMED003,1.7,CRITICAL_STOCKOUT_IMMINENT,SAFE,shortage
2026-10-08,HOSP_C,PGMED003,1.1,CRITICAL_STOCKOUT_IMMINENT,SAFE,shortage
2026-09-24,HOSP_C,PGMED002,13.7,NORMAL,SAFE,shortage
2026-09-25,HOSP_C,PGMED002,10.9,NORMAL,SAFE,shortage
2026-09-26,HOSP_C,PGMED002,10.5,NORMAL,SAFE,shortage
2026-09-27,HOSP_C,PGMED002,9.7,NORMAL,SAFE,shortage
2026-09-28,HOSP_C,PGMED002,8.7,NORMAL,SAFE,shortage
2026-09-29,HOSP_C,PGMED002,8.9,NORMAL,SAFE,shortage
2026-09-30,HOSP_C,PGMED002,8.1,NORMAL,SAFE,shortage
2026-10-01,HOSP_C,PGMED002,5.7,WARNING_REORDER_NOW,SAFE,shortage
2026-10-02,HOSP_C,PGMED002,4.7,CRITICAL_STOCKOUT_IMMINENT,SAFE,shortage
2026-10-03,HOSP_C,PGMED002,3.6,CRITICAL_STOCKOUT_IMMINENT,SAFE,shortage
2026-10-04,HOSP_C,PGMED002,2.5,CRITICAL_STOCKOUT_IMMINENT,SAFE,shortage
2026-10-05,HOSP_C,PGMED002,1.9,CRITICAL_STOCKOUT_IMMINENT,SAFE,shortage
2026-10-06,HOSP_C,PGMED002,0.9,CRITICAL_STOCKOUT_IMMINENT,SAFE,shortage
2026-10-07,HOSP_C,PGMED002,0.0,CRITICAL_STOCKOUT_IMMINENT,SAFE,shortage
2026-10-08,HOSP_C,PGMED002,0.0,CRITICAL_STOCKOUT_IMMINENT,SAFE,shortage
2026-09-24,HOSP_D,PGMED004,11.9,NORMAL,SAFE,shortage
2026-09-25,HOSP_D,PGMED004,10.7,NORMAL,SAFE,shortage
2026-09-26,HOSP_D,PGMED004,11.2,NORMAL,SAFE,shortage
2026-09-27,HOSP_D,PGMED004,8.1,NORMAL,SAFE,shortage
2026-09-28,HOSP_D,PGMED004,9.2,NORMAL,SAFE,shortage
2026-09-29,HOSP_D,PGMED004,6.6,WARNING_REORDER_NOW,SAFE,shortage
2026-09-30,HOSP_D,PGMED004,5.4,WARNING_REORDER_NOW,SAFE,shortage
2026-10-01,HOSP_D,PGMED004,5.0,WARNING_REORDER_NOW,SAFE,shortage
2026-10-02,HOSP_D,PGMED004,3.4,CRITICAL_STOCKOUT_IMMINENT,SAFE,shortage
2026-10-03,HOSP_D,PGMED004,3.4,CRITICAL_STOCKOUT_IMMINENT,SAFE,shortage
2026-10-04,HOSP_D,PGMED004,2.4,CRITICAL_STOCKOUT_IMMINENT,SAFE,shortage
2026-10-05,HOSP_D,PGMED004,0.7,CRITICAL_STOCKOUT_IMMINENT,SAFE,shortage
2026-10-06,HOSP_D,PGMED004,0.0,CRITICAL_STOCKOUT_IMMINENT,SAFE,shortage
2026-10-07,HOSP_D,PGMED004,0.0,CRITICAL_STOCKOUT_IMMINENT,SAFE,shortage
2026-10-08,HOSP_D,PGMED004,0.0,CRITICAL_STOCKOUT_IMMINENT,SAFE,shortage
2026-09-24,HOSP_D,PGMED001,25.0,NORMAL,SAFE,shortage
2026-09-25,HOSP_D,PGMED001,24.4,NORMAL,SAFE,shortage
2026-09-26,HOSP_D,PGMED001,18.6,NORMAL,SAFE,shortage
2026-09-27,HOSP_D,PGMED001,17.6,NORMAL,SAFE,shortage
2026-09-28,HOSP_D,PGMED001,16.0,NORMAL,SAFE,shortage
2026-09-29,HOSP_D,PGMED001,14.4,NORMAL,SAFE,shortage
2026-09-30,HOSP_D,PGMED001,12.2,NORMAL,SAFE,shortage
2026-10-01,HOSP_D,PGMED001,13.5,NORMAL,SAFE,shortage
2026-10-02,HOSP_D,PGMED001,13.6,NORMAL,SAFE,shortage
2026-10-03,HOSP_D,PGMED001,10.3,NORMAL,SAFE,shortage
2026-10-04,HOSP_D,PGMED001,11.7,NORMAL,SAFE,shortage
2026-10-05,HOSP_D,PGMED001,9.8,NORMAL,SAFE,shortage
2026-10-06,HOSP_D,PGMED001,10.6,NORMAL,SAFE,shortage
2026-10-07,HOSP_D,PGMED001,10.0,NORMAL,SAFE,shortage
2026-10-08,HOSP_D,PGMED001,5.8,CRITICAL_STOCKOUT_IMMINENT,SAFE,shortage
2026-09-24,HOSP_D,PGMED005,21.4,NORMAL,SAFE,shortage
2026-09-25,HOSP_D,PGMED005,20.4,NORMAL,SAFE,shortage
2026-09-26,HOSP_D,PGMED005,18.3,NORMAL,SAFE,shortage
2026-09-27,HOSP_D,PGMED005,15.4,NORMAL,SAFE,shortage
2026-09-28,HOSP_D,PGMED005,13.4,NORMAL,SAFE,shortage
2026-09-29,HOSP_D,PGMED005,12.7,NORMAL,SAFE,shortage
2026-09-30,HOSP_D,PGMED005,13.8,NORMAL,SAFE,shortage
2026-10-01,HOSP_D,PGMED005,9.6,WARNING_REORDER_NOW,SAFE,shortage
2026-10-02,HOSP_D,PGMED005,9.5,WARNING_REORDER_NOW,SAFE,shortage
2026-10-03,HOSP_D,PGMED005,9.2,WARNING_REORDER_NOW,SAFE,shortage
2026-10-04,HOSP_D,PGMED005,8.0,WARNING_REORDER_NOW,SAFE,shortage
2026-10-05,HOSP_D,PGMED005,7.6,WARNING_REORDER_NOW,SAFE,shortage
2026-10-06,HOSP_D,PGMED005,7.2,WARNING_REORDER_NOW,SAFE,shortage
2026-10-07,HOSP_D,PGMED005,5.8,CRITICAL_STOCKOUT_IMMINENT,SAFE,shortage
2026-10-08,HOSP_D,PGMED005,3.9,CRITICAL_STOCKOUT_IMMINENT,SAFE,shortage
2026-09-24,HOSP_D,PGMED003,10.0,NORMAL,SAFE,shortage
2026-09-25,HOSP_D,PGMED003,6.2,NORMAL,SAFE,shortage
2026-09-26,HOSP_D,PGMED003,5.5,WARNING_REORDER_NOW,SAFE,shortage
2026-09-27,HOSP_D,PGMED003,5.0,WARNING_REORDER_NOW,SAFE,shortage
2026-09-28,HOSP_D,PGMED003,4.9,WARNING_REORDER_NOW,SAFE,shortage
2026-09-29,HOSP_D,PGMED003,3.2,WARNING_REORDER_NOW,SAFE,shortage
2026-09-30,HOSP_D,PGMED003,2.2,CRITICAL_STOCKOUT_IMMINENT,SAFE,shortage
2026-10-01,HOSP_D,PGMED003,1.5,CRITICAL_STOCKOUT_IMMINENT,SAFE,shortage
2026-10-02,HOSP_D,PGMED003,0.3,CRITICAL_STOCKOUT_IMMINENT,SAFE,shortage
2026-10-03,HOSP_D,PGMED003,0.0,CRITICAL_STOCKOUT_IMMINENT,SAFE,shortage
2026-10-04,HOSP_D,PGMED003,0.0,CRITICAL_STOCKOUT_IMMINENT,SAFE,shortage
2026-10-05,HOSP_D,PGMED003,0.0,CRITICAL_STOCKOUT_IMMINENT,SAFE,shortage
2026-10-06,HOSP_D,PGMED003,0.0,CRITICAL_STOCKOUT_IMMINENT,SAFE,shortage
2026-10-07,HOSP_D,PGMED003,0.0,CRITICAL_STOCKOUT_IMMINENT,SAFE,shortage
2026-10-08,HOSP_D,PGMED003,0.0,CRITICAL_STOCKOUT_IMMINENT,SAFE,shortage
2026-09-24,HOSP_D,PGMED002,14.4,NORMAL,SAFE,shortage
2026-09-25,HOSP_D,PGMED002,11.7,NORMAL,SAFE,shortage
2026-09-26,HOSP_D,PGMED002,10.7,NORMAL,SAFE,shortage
2026-09-27,HOSP_D,PGMED002,10.0,NORMAL,SAFE,shortage
2026-09-28,HOSP_D,PGMED002,9.8,NORMAL,SAFE,shortage
2026-09-29,HOSP_D,PGMED002,8.3,NORMAL,SAFE,shortage
2026-09-30,HOSP_D,PGMED002,7.6,WARNING_REORDER_NOW,SAFE,shortage
2026-10-01,HOSP_D,PGMED002,7.0,WARNING_REORDER_NOW,SAFE,shortage
2026-10-02,HOSP_D,PGMED002,7.4,WARNING_REORDER_NOW,SAFE,shortage
2026-10-03,HOSP_D,PGMED002,4.6,CRITICAL_STOCKOUT_IMMINENT,SAFE,shortage
2026-10-04,HOSP_D,PGMED002,3.6,CRITICAL_STOCKOUT_IMMINENT,SAFE,shortage
2026-10-05,HOSP_D,PGMED002,2.9,CRITICAL_STOCKOUT_IMMINENT,SAFE,shortage
2026-10-06,HOSP_D,PGMED002,1.7,CRITICAL_STOCKOUT_IMMINENT,SAFE,shortage
2026-10-07,HOSP_D,PGMED002,0.8,CRITICAL_STOCKOUT_IMMINENT,SAFE,shortage
2026-10-08,HOSP_D,PGMED002,0.0,CRITICAL_STOCKOUT_IMMINENT,SAFE,shortage
