date,lightgbm_prediction,actual,baseline_prediction,hospital_id,medicine_id,horizon_day
2026-09-25,35.21235540006112,34,33,HOSP_A,PGMED001,1
2026-09-25,35.283616881273176,39,35,HOSP_A,PGMED002,1
2026-09-25,58.25955879189283,61,56,HOSP_A,PGMED003,1
2026-09-25,63.333746428270246,62,62,HOSP_A,PGMED004,1
2026-09-25,84.53086887439063,75,74,HOSP_A,PGMED005,1
2026-09-25,35.675499966677044,32,36,HOSP_B,PGMED001,1
2026-09-25,54.70800824707345,56,51,HOSP_B,PGMED002,1
2026-09-25,72.42605374956842,75,75,HOSP_B,PGMED003,1
2026-09-25,77.05382888964128,75,70,HOSP_B,PGMED004,1
2026-09-25,87.69318804004425,99,95,HOSP_B,PGMED005,1
2026-09-25,45.074052423434175,50,45,HOSP_C,PGMED001,1
2026-09-25,65.74439009452276,76,69,HOSP_C,PGMED002,1
2026-09-25,76.71489009808764,76,84,HOSP_C,PGMED003,1
2026-09-25,97.28311217963198,93,85,HOSP_C,PGMED004,1
2026-09-25,119.18386479730601,117,119,HOSP_C,PGMED005,1
2026-09-25,53.94697799891978,47,58,HOSP_D,PGMED001,1
2026-09-25,74.69348352644481,80,79,HOSP_D,PGMED002,1
2026-09-25,93.5887567555848,87,90,HOSP_D,PGMED003,1
2026-09-25,118.62110337843522,111,160,HOSP_D,PGMED004,1
2026-09-25,125.10521913696479,124,126,HOSP_D,PGMED005,1
2026-09-26,32.83462753183264,32,32,HOSP_A,PGMED001,2
2026-09-26,32.90588901304469,35,34,HOSP_A,PGMED002,2
2026-09-26,50.209551640449874,43,47,HOSP_A,PGMED003,2
2026-09-26,55.180478439011644,59,54,HOSP_A,PGMED004,2
2026-09-26,74.67977120131044,106,71,HOSP_A,PGMED005,2
2026-09-26,32.83462753183264,33,31,HOSP_B,PGMED001,2
2026-09-26,47.29793924315809,44,45,HOSP_B,PGMED002,2
2026-09-26,62.39998262607362,84,59,HOSP_B,PGMED003,2
2026-09-26,65.35175608908048,65,66,HOSP_B,PGMED004,2
2026-09-26,76.74871870005234,90,80,HOSP_B,PGMED005,2
2026-09-26,43.44785330011744,41,48,HOSP_C,PGMED001,2
2026-09-26,58.446213726062055,62,52,HOSP_C,PGMED002,2
2026-09-26,67.57486884584345,76,73,HOSP_C,PGMED003,2
2026-09-26,86.93877356976678,71,87,HOSP_C,PGMED004,2
2026-09-26,97.96709416221344,88,91,HOSP_C,PGMED005,2
2026-09-26,49.24020224016046,43,51,HOSP_D,PGMED001,2
2026-09-26,64.77258599155398,68,62,HOSP_D,PGMED002,2
2026-09-26,84.83420763986071,81,90,HOSP_D,PGMED003,2
2026-09-26,98.09310437297815,85,81,HOSP_D,PGMED004,2
2026-09-26,109.55361030420742,127,123,HOSP_D,PGMED005,2
2026-09-27,32.68922390523138,31,30,HOSP_A,PGMED001,3
2026-09-27,32.760485386443435,34,30,HOSP_A,PGMED002,3
2026-09-27,50.62191845908908,51,52,HOSP_A,PGMED003,3
2026-09-27,53.99962501800022,48,52,HOSP_A,PGMED004,3
2026-09-27,72.02602801153678,100,65,HOSP_A,PGMED005,3
2026-09-27,33.13004011738622,32,34,HOSP_B,PGMED001,3
2026-09-27,46.931105357133376,48,44,HOSP_B,PGMED002,3
2026-09-27,63.59487580649524,99,61,HOSP_B,PGMED003,3
2026-09-27,69.54461429915014,61,69,HOSP_B,PGMED004,3
2026-09-27,87.91351950053051,91,91,HOSP_B,PGMED005,3
2026-09-27,43.12415374945709,40,42,HOSP_C,PGMED001,3
2026-09-27,59.824423596548755,66,59,HOSP_C,PGMED002,3
2026-09-27,70.65287488399463,69,69,HOSP_C,PGMED003,3
2026-09-27,84.45203432913256,93,78,HOSP_C,PGMED004,3
2026-09-27,95.20388803248791,103,99,HOSP_C,PGMED005,3
2026-09-27,49.7774772225403,45,54,HOSP_D,PGMED001,3
2026-09-27,68.47519193734865,64,68,HOSP_D,PGMED002,3
2026-09-27,85.88376543101162,88,82,HOSP_D,PGMED003,3
2026-09-27,103.32183101270172,103,109,HOSP_D,PGMED004,3
2026-09-27,117.05672275392328,109,118,HOSP_D,PGMED005,3
2026-09-28,40.093258071463815,36,40,HOSP_A,PGMED001,4
2026-09-28,42.32146198911562,40,44,HOSP_A,PGMED002,4
2026-09-28,62.51168149254438,58,64,HOSP_A,PGMED003,4
2026-09-28,65.53144737252913,62,62,HOSP_A,PGMED004,4
2026-09-28,88.62257822891407,114,87,HOSP_A,PGMED005,4
2026-09-28,40.093258071463815,38,39,HOSP_B,PGMED001,4
2026-09-28,58.305113525187586,54,58,HOSP_B,PGMED002,4
2026-09-28,80.14751187285786,106,74,HOSP_B,PGMED003,4
2026-09-28,82.82217858050144,84,83,HOSP_B,PGMED004,4
2026-09-28,108.08594370904328,98,108,HOSP_B,PGMED005,4
2026-09-28,51.57534361780962,55,49,HOSP_C,PGMED001,4
2026-09-28,69.97530479225902,71,67,HOSP_C,PGMED002,4
2026-09-28,82.36896175549731,72,80,HOSP_C,PGMED003,4
2026-09-28,101.08849285248652,113,103,HOSP_C,PGMED004,4
2026-09-28,116.4254049547651,111,114,HOSP_C,PGMED005,4
2026-09-28,56.49930076184309,60,53,HOSP_D,PGMED001,4
2026-09-28,82.46433862708221,80,87,HOSP_D,PGMED002,4
2026-09-28,104.01502536519422,99,108,HOSP_D,PGMED003,4
2026-09-28,123.33576666042534,102,124,HOSP_D,PGMED004,4
2026-09-28,139.71247873826684,138,145,HOSP_D,PGMED005,4
2026-09-29,46.8490329889353,42,45,HOSP_A,PGMED001,5
2026-09-29,47.38665991860263,47,47,HOSP_A,PGMED002,5
2026-09-29,68.3530128515313,70,68,HOSP_A,PGMED003,5
2026-09-29,78.45703807301118,75,81,HOSP_A,PGMED004,5
2026-09-29,99.08873586807417,139,99,HOSP_A,PGMED005,5
2026-09-29,46.8490329889353,45,46,HOSP_B,PGMED001,5
2026-09-29,65.57339352887071,65,67,HOSP_B,PGMED002,5
2026-09-29,93.28458843039803,130,89,HOSP_B,PGMED003,5
2026-09-29,97.64719114845502,82,100,HOSP_B,PGMED004,5
2026-09-29,119.89868378649747,123,122,HOSP_B,PGMED005,5
2026-09-29,59.86514718959335,61,60,HOSP_C,PGMED001,5
2026-09-29,78.88043244299774,82,86,HOSP_C,PGMED002,5
2026-09-29,96.73407512941189,100,101,HOSP_C,PGMED003,5
2026-09-29,116.94732144736258,130,118,HOSP_C,PGMED004,5
2026-09-29,128.77216429574764,123,129,HOSP_C,PGMED005,5
2026-09-29,65.82585415064092,68,68,HOSP_D,PGMED001,5
2026-09-29,96.35262478695499,98,101,HOSP_D,PGMED002,5
2026-09-29,117.48472723930374,122,110,HOSP_D,PGMED003,5
2026-09-29,133.17218953673876,134,125,HOSP_D,PGMED004,5
2026-09-29,154.27367761588798,160,165,HOSP_D,PGMED005,5
2026-09-30,48.45697921519742,46,45,HOSP_A,PGMED001,6
2026-09-30,50.355400180201535,45,50,HOSP_A,PGMED002,6
2026-09-30,73.41081417275154,76,77,HOSP_A,PGMED003,6
2026-09-30,80.39786408728203,87,80,HOSP_A,PGMED004,6
2026-09-30,98.65996554642962,138,101,HOSP_A,PGMED005,6
2026-09-30,48.45697921519742,49,46,HOSP_B,PGMED001,6
2026-09-30,68.02068586098905,65,69,HOSP_B,PGMED002,6
2026-09-30,93.75028109239551,128,90,HOSP_B,PGMED003,6
2026-09-30,97.41315936672625,101,89,HOSP_B,PGMED004,6
2026-09-30,122.82330220635859,128,122,HOSP_B,PGMED005,6
2026-09-30,62.93187203471536,58,62,HOSP_C,PGMED001,6
2026-09-30,85.54731037589018,90,88,HOSP_C,PGMED002,6
2026-09-30,97.32317238101477,97,95,HOSP_C,PGMED003,6
2026-09-30,123.13123236694099,127,112,HOSP_C,PGMED004,6
2026-09-30,130.4321355532494,147,138,HOSP_C,PGMED005,6
2026-09-30,67.52490096574276,68,65,HOSP_D,PGMED001,6
2026-09-30,96.96462506533543,105,99,HOSP_D,PGMED002,6
2026-09-30,120.8542713881479,119,128,HOSP_D,PGMED003,6
2026-09-30,142.15620010554687,148,138,HOSP_D,PGMED004,6
2026-09-30,158.93100743060575,168,170,HOSP_D,PGMED005,6
2026-10-01,44.26041412483266,45,41,HOSP_A,PGMED001,7
2026-10-01,44.639970468542685,43,42,HOSP_A,PGMED002,7
2026-10-01,65.60382443430535,68,67,HOSP_A,PGMED003,7
2026-10-01,72.2202697097389,75,70,HOSP_A,PGMED004,7
2026-10-01,89.65018624393265,90,100,HOSP_A,PGMED005,7
2026-10-01,43.26219799405589,43,39,HOSP_B,PGMED001,7
2026-10-01,62.08934545108782,66,66,HOSP_B,PGMED002,7
2026-10-01,81.1778908674989,86,80,HOSP_B,PGMED003,7
2026-10-01,88.6801922328449,81,93,HOSP_B,PGMED004,7
2026-10-01,106.26995272132329,121,100,HOSP_B,PGMED005,7
2026-10-01,54.62983650603682,61,52,HOSP_C,PGMED001,7
2026-10-01,79.10950070127058,82,79,HOSP_C,PGMED002,7
2026-10-01,89.26498165758107,92,90,HOSP_C,PGMED003,7
2026-10-01,111.80574744400629,114,116,HOSP_C,PGMED004,7
2026-10-01,113.74876749464475,136,145,HOSP_C,PGMED005,7
2026-10-01,61.744662216934024,57,62,HOSP_D,PGMED001,7
2026-10-01,89.8067886932238,98,91,HOSP_D,PGMED002,7
2026-10-01,108.26083656441479,115,109,HOSP_D,PGMED003,7
2026-10-01,126.10329951816722,128,135,HOSP_D,PGMED004,7
2026-10-01,141.7529682592131,146,153,HOSP_D,PGMED005,7
2026-10-02,35.99129819542353,36,33,HOSP_A,PGMED001,8
2026-10-02,36.06255967663559,36,35,HOSP_A,PGMED002,8
2026-10-02,57.84259669398486,57,56,HOSP_A,PGMED003,8
2026-10-02,63.333746428270246,65,62,HOSP_A,PGMED004,8
2026-10-02,79.5607666756646,80,74,HOSP_A,PGMED005,8
2026-10-02,37.8424205455863,34,36,HOSP_B,PGMED001,8
2026-10-02,54.20949504570501,52,51,HOSP_B,PGMED002,8
2026-10-02,69.76167446589264,66,75,HOSP_B,PGMED003,8
2026-10-02,74.00605004624165,75,70,HOSP_B,PGMED004,8
2026-10-02,88.11455440213206,89,95,HOSP_B,PGMED005,8
2026-10-02,46.74422546116067,49,45,HOSP_C,PGMED001,8
2026-10-02,65.3407329635307,61,69,HOSP_C,PGMED002,8
2026-10-02,74.3838357756397,76,84,HOSP_C,PGMED003,8
2026-10-02,95.68177984017295,103,85,HOSP_C,PGMED004,8
2026-10-02,102.18692780131951,114,119,HOSP_C,PGMED005,8
2026-10-02,53.07122221909082,51,58,HOSP_D,PGMED001,8
2026-10-02,74.1618163142196,80,79,HOSP_D,PGMED002,8
2026-10-02,87.96479788645213,96,90,HOSP_D,PGMED003,8
2026-10-02,107.03077139279657,104,160,HOSP_D,PGMED004,8
2026-10-02,121.54047753023852,129,126,HOSP_D,PGMED005,8
2026-10-03,32.83462753183264,31,32,HOSP_A,PGMED001,9
2026-10-03,32.90588901304469,33,34,HOSP_A,PGMED002,9
2026-10-03,51.01799472536743,51,47,HOSP_A,PGMED003,9
2026-10-03,56.473196316748556,50,54,HOSP_A,PGMED004,9
2026-10-03,72.67280876966205,72,71,HOSP_A,PGMED005,9
2026-10-03,32.976171740268455,35,31,HOSP_B,PGMED001,9
2026-10-03,47.514451952067446,44,45,HOSP_B,PGMED002,9
2026-10-03,64.03696145556304,57,59,HOSP_B,PGMED003,9
2026-10-03,65.35175608908048,65,66,HOSP_B,PGMED004,9
2026-10-03,76.98617645028638,82,80,HOSP_B,PGMED005,9
2026-10-03,44.42634578371743,41,48,HOSP_C,PGMED001,9
2026-10-03,59.54275431469132,60,52,HOSP_C,PGMED002,9
2026-10-03,66.96078918733022,66,73,HOSP_C,PGMED003,9
2026-10-03,86.93877356976678,94,87,HOSP_C,PGMED004,9
2026-10-03,90.43984960483722,91,91,HOSP_C,PGMED005,9
2026-10-03,49.015818449878154,43,51,HOSP_D,PGMED001,9
2026-10-03,65.70507604024506,69,62,HOSP_D,PGMED002,9
2026-10-03,81.66973608394451,82,90,HOSP_D,PGMED003,9
2026-10-03,90.71295278314591,101,81,HOSP_D,PGMED004,9
2026-10-03,110.17239763296979,110,123,HOSP_D,PGMED005,9
2026-10-04,33.13004011738622,33,30,HOSP_A,PGMED001,10
2026-10-04,33.20130159859828,36,30,HOSP_A,PGMED002,10
2026-10-04,50.11173201295808,54,52,HOSP_A,PGMED003,10
2026-10-04,56.57724661099611,53,52,HOSP_A,PGMED004,10
2026-10-04,72.31603491339864,70,65,HOSP_A,PGMED005,10
2026-10-04,33.13004011738622,37,34,HOSP_B,PGMED001,10
2026-10-04,47.14761806604273,51,44,HOSP_B,PGMED002,10
2026-10-04,66.99566077375967,66,61,HOSP_B,PGMED003,10
2026-10-04,70.84670044267313,75,69,HOSP_B,PGMED004,10
2026-10-04,87.9686245951477,92,91,HOSP_B,PGMED005,10
2026-10-04,43.9041267399889,48,42,HOSP_C,PGMED001,10
2026-10-04,61.02032874382195,63,59,HOSP_C,PGMED002,10
2026-10-04,72.09372822663528,75,69,HOSP_C,PGMED003,10
2026-10-04,87.17535096308802,95,78,HOSP_C,PGMED004,10
2026-10-04,96.06992842753817,98,99,HOSP_C,PGMED005,10
2026-10-04,48.78867750476291,51,54,HOSP_D,PGMED001,10
2026-10-04,69.02467003821296,74,68,HOSP_D,PGMED002,10
2026-10-04,88.62136942453549,84,82,HOSP_D,PGMED003,10
2026-10-04,96.53049173167132,106,109,HOSP_D,PGMED004,10
2026-10-04,120.24691815827775,103,118,HOSP_D,PGMED005,10
2026-10-05,40.093258071463815,41,40,HOSP_A,PGMED001,11
2026-10-05,41.202077221365045,37,44,HOSP_A,PGMED002,11
2026-10-05,61.95023822056102,60,64,HOSP_A,PGMED003,11
2026-10-05,68.33883092383017,70,62,HOSP_A,PGMED004,11
2026-10-05,88.01859939305463,90,87,HOSP_A,PGMED005,11
2026-10-05,40.093258071463815,40,39,HOSP_B,PGMED001,11
2026-10-05,58.305113525187586,49,58,HOSP_B,PGMED002,11
2026-10-05,81.14928085818997,80,74,HOSP_B,PGMED003,11
2026-10-05,82.82217858050144,81,83,HOSP_B,PGMED004,11
2026-10-05,108.08594370904328,104,108,HOSP_B,PGMED005,11
2026-10-05,52.08553006394061,52,49,HOSP_C,PGMED001,11
2026-10-05,71.1905872502453,74,67,HOSP_C,PGMED002,11
2026-10-05,85.45684625913042,76,80,HOSP_C,PGMED003,11
2026-10-05,101.26902157020238,99,103,HOSP_C,PGMED004,11
2026-10-05,120.43285121254455,122,114,HOSP_C,PGMED005,11
2026-10-05,58.227368044995664,61,53,HOSP_D,PGMED001,11
2026-10-05,81.9075799835024,81,87,HOSP_D,PGMED002,11
2026-10-05,102.17711259454569,103,108,HOSP_D,PGMED003,11
2026-10-05,118.79798666893363,127,124,HOSP_D,PGMED004,11
2026-10-05,142.61297434042305,138,145,HOSP_D,PGMED005,11
2026-10-06,47.27605689947816,45,45,HOSP_A,PGMED001,12
2026-10-06,47.38665991860263,46,47,HOSP_A,PGMED002,12
2026-10-06,68.3530128515313,76,68,HOSP_A,PGMED003,12
2026-10-06,78.1464244013214,79,81,HOSP_A,PGMED004,12
2026-10-06,97.95289598053233,105,99,HOSP_A,PGMED005,12
2026-10-06,47.27605689947816,48,46,HOSP_B,PGMED001,12
2026-10-06,65.57339352887071,58,67,HOSP_B,PGMED002,12
2026-10-06,93.28458843039803,88,89,HOSP_B,PGMED003,12
2026-10-06,97.64719114845502,91,100,HOSP_B,PGMED004,12
2026-10-06,119.89868378649747,113,122,HOSP_B,PGMED005,12
2026-10-06,59.86514718959335,59,60,HOSP_C,PGMED001,12
2026-10-06,80.00073827565942,84,86,HOSP_C,PGMED002,12
2026-10-06,97.733018692899,95,101,HOSP_C,PGMED003,12
2026-10-06,116.94732144736258,122,118,HOSP_C,PGMED004,12
2026-10-06,132.1318589128687,138,129,HOSP_C,PGMED005,12
2026-10-06,65.58033889805165,69,68,HOSP_D,PGMED001,12
2026-10-06,96.65148559465028,96,101,HOSP_D,PGMED002,12
2026-10-06,115.46359445946806,122,110,HOSP_D,PGMED003,12
2026-10-06,135.25962480471713,142,125,HOSP_D,PGMED004,12
2026-10-06,156.12961703677865,150,165,HOSP_D,PGMED005,12
2026-10-07,49.00799675483886,46,45,HOSP_A,PGMED001,13
2026-10-07,50.355400180201535,51,50,HOSP_A,PGMED002,13
2026-10-07,69.95420318599004,78,77,HOSP_A,PGMED003,13
2026-10-07,80.39786408728203,84,80,HOSP_A,PGMED004,13
2026-10-07,97.45997328056048,109,101,HOSP_A,PGMED005,13
2026-10-07,49.00799675483886,50,46,HOSP_B,PGMED001,13
2026-10-07,68.02068586098905,70,69,HOSP_B,PGMED002,13
2026-10-07,93.75028109239551,85,90,HOSP_B,PGMED003,13
2026-10-07,97.41315936672625,95,89,HOSP_B,PGMED004,13
2026-10-07,122.82330220635859,126,122,HOSP_B,PGMED005,13
2026-10-07,62.93187203471536,60,62,HOSP_C,PGMED001,13
2026-10-07,87.04113680319438,88,88,HOSP_C,PGMED002,13
2026-10-07,97.32317238101477,104,95,HOSP_C,PGMED003,13
2026-10-07,122.9524095898148,128,112,HOSP_C,PGMED004,13
2026-10-07,141.43465475466178,193,138,HOSP_C,PGMED005,13
2026-10-07,67.83734089425425,65,65,HOSP_D,PGMED001,13
2026-10-07,97.1066544087116,96,99,HOSP_D,PGMED002,13
2026-10-07,121.31573526545641,135,128,HOSP_D,PGMED003,13
2026-10-07,145.12270549208873,148,138,HOSP_D,PGMED004,13
2026-10-07,165.51568019183563,150,170,HOSP_D,PGMED005,13
2026-10-08,45.3797988925832,44,41,HOSP_A,PGMED001,14
2026-10-08,45.75935523629323,41,42,HOSP_A,PGMED002,14
2026-10-08,65.77390436170691,71,67,HOSP_A,PGMED003,14
2026-10-08,72.2202697097389,73,70,HOSP_A,PGMED004,14
2026-10-08,88.6801922328449,96,100,HOSP_A,PGMED005,14
2026-10-08,45.04038711536443,45,39,HOSP_B,PGMED001,14
2026-10-08,61.59021716581129,61,66,HOSP_B,PGMED002,14
2026-10-08,83.75728952927516,77,80,HOSP_B,PGMED003,14
2026-10-08,89.19195629674165,95,93,HOSP_B,PGMED004,14
2026-10-08,109.11289786710769,116,100,HOSP_B,PGMED005,14
2026-10-08,56.48803937142403,58,52,HOSP_C,PGMED001,14
2026-10-08,78.38963996987263,81,79,HOSP_C,PGMED002,14
2026-10-08,89.77674572147782,88,90,HOSP_C,PGMED003,14
2026-10-08,110.46533484937416,103,116,HOSP_C,PGMED004,14
2026-10-08,124.3168921937964,167,145,HOSP_C,PGMED005,14
2026-10-08,61.744662216934024,52,62,HOSP_D,PGMED001,14
2026-10-08,89.8067886932238,85,91,HOSP_D,PGMED002,14
2026-10-08,109.16132387533096,117,109,HOSP_D,PGMED003,14
2026-10-08,126.98226098524364,133,135,HOSP_D,PGMED004,14
2026-10-08,166.26980449135448,151,153,HOSP_D,PGMED005,14
