date,facility_id,medicine_id,generic_name,batch_id,stock_on_hand,batch_expiry_date,lead_time_days,daily_patients_admitted,daily_syndromic_cases,units_dispensed
2026-09-09,HOSP_A,MED001,Paracetamol,BCH_6734,516,2027-01-23,4,101,19,27
2026-09-09,HOSP_A,MED002,Amoxicillin,BCH_5426,422,2026-12-20,6,101,19,42
2026-09-09,HOSP_A,MED003,Atorvastatin,BCH_9322,358,2027-02-20,5,101,19,55
2026-09-09,HOSP_B,MED001,Paracetamol,BCH_7949,241,2027-01-31,4,51,16,49
2026-09-09,HOSP_B,MED002,Amoxicillin,BCH_2184,71,2026-11-20,6,51,16,40
2026-09-09,HOSP_B,MED003,Atorvastatin,BCH_9666,560,2026-11-21,5,51,16,44
2026-09-09,HOSP_C,MED001,Paracetamol,BCH_1189,612,2027-03-17,4,91,20,34
2026-09-09,HOSP_C,MED002,Amoxicillin,BCH_4556,696,2026-11-13,6,91,20,22
2026-09-09,HOSP_C,MED003,Atorvastatin,BCH_6393,650,2027-02-02,5,91,20,40
2026-09-10,HOSP_A,MED001,Paracetamol,BCH_8513,389,2026-11-16,4,109,18,28
2026-09-10,HOSP_A,MED002,Amoxicillin,BCH_6486,558,2027-03-15,6,109,18,47
2026-09-10,HOSP_A,MED003,Atorvastatin,BCH_9226,611,2026-12-14,5,109,18,27
2026-09-10,HOSP_B,MED001,Paracetamol,BCH_4843,526,2026-11-17,4,53,6,25
2026-09-10,HOSP_B,MED002,Amoxicillin,BCH_7873,211,2026-11-07,6,53,6,37
2026-09-10,HOSP_B,MED003,Atorvastatin,BCH_1995,320,2026-10-08,5,53,6,29
2026-09-10,HOSP_C,MED001,Paracetamol,BCH_2016,774,2026-11-03,4,121,18,42
2026-09-10,HOSP_C,MED002,Amoxicillin,BCH_8916,102,2026-12-15,6,121,18,35
2026-09-10,HOSP_C,MED003,Atorvastatin,BCH_5859,542,2027-01-26,5,121,18,43
2026-09-11,HOSP_A,MED001,Paracetamol,BCH_9006,393,2026-10-04,4,90,19,20
2026-09-11,HOSP_A,MED002,Amoxicillin,BCH_3027,521,2027-02-08,6,90,19,20
2026-09-11,HOSP_A,MED003,Atorvastatin,BCH_6618,441,2026-12-15,5,90,19,30
2026-09-11,HOSP_B,MED001,Paracetamol,BCH_6892,77,2026-11-05,4,84,7,52
2026-09-11,HOSP_B,MED002,Amoxicillin,BCH_9392,82,2026-12-06,6,84,7,26
2026-09-11,HOSP_B,MED003,Atorvastatin,BCH_9996,733,2027-01-02,5,84,7,42
2026-09-11,HOSP_C,MED001,Paracetamol,BCH_9110,54,2027-02-03,4,135,7,20
2026-09-11,HOSP_C,MED002,Amoxicillin,BCH_1502,442,2027-02-14,6,135,7,45
2026-09-11,HOSP_C,MED003,Atorvastatin,BCH_6134,603,2026-12-24,5,135,7,34
2026-09-12,HOSP_A,MED001,Paracetamol,BCH_3790,145,2026-11-17,4,126,23,51
2026-09-12,HOSP_A,MED002,Amoxicillin,BCH_2757,280,2027-02-24,6,126,23,23
2026-09-12,HOSP_A,MED003,Atorvastatin,BCH_4242,85,2026-10-25,5,126,23,34
2026-09-12,HOSP_B,MED001,Paracetamol,BCH_6915,731,2026-12-01,4,62,11,41
2026-09-12,HOSP_B,MED002,Amoxicillin,BCH_4627,380,2026-12-19,6,62,11,25
2026-09-12,HOSP_B,MED003,Atorvastatin,BCH_6592,426,2027-02-02,5,62,11,47
2026-09-12,HOSP_C,MED001,Paracetamol,BCH_6864,408,2026-09-29,4,76,24,32
2026-09-12,HOSP_C,MED002,Amoxicillin,BCH_6575,698,2027-02-28,6,76,24,25
2026-09-12,HOSP_C,MED003,Atorvastatin,BCH_1663,423,2026-11-24,5,76,24,56
2026-09-13,HOSP_A,MED001,Paracetamol,BCH_4581,435,2026-11-05,4,81,13,31
2026-09-13,HOSP_A,MED002,Amoxicillin,BCH_8280,674,2027-01-06,6,81,13,22
2026-09-13,HOSP_A,MED003,Atorvastatin,BCH_1698,51,2027-01-18,5,81,13,36
2026-09-13,HOSP_B,MED001,Paracetamol,BCH_8392,452,2027-02-03,4,51,9,51
2026-09-13,HOSP_B,MED002,Amoxicillin,BCH_6172,779,2027-03-18,6,51,9,21
2026-09-13,HOSP_B,MED003,Atorvastatin,BCH_6535,488,2026-12-04,5,51,9,51
2026-09-13,HOSP_C,MED001,Paracetamol,BCH_3327,659,2026-12-05,4,124,21,57
2026-09-13,HOSP_C,MED002,Amoxicillin,BCH_8125,560,2027-02-13,6,124,21,25
2026-09-13,HOSP_C,MED003,Atorvastatin,BCH_9800,236,2027-01-29,5,124,21,35
2026-09-14,HOSP_A,MED001,Paracetamol,BCH_1659,452,2027-03-11,4,119,20,48
2026-09-14,HOSP_A,MED002,Amoxicillin,BCH_2986,197,2027-02-22,6,119,20,45
2026-09-14,HOSP_A,MED003,Atorvastatin,BCH_2734,538,2026-11-19,5,119,20,51
2026-09-14,HOSP_B,MED001,Paracetamol,BCH_3385,690,2027-01-10,4,82,12,58
2026-09-14,HOSP_B,MED002,Amoxicillin,BCH_9155,522,2027-04-01,6,82,12,30
2026-09-14,HOSP_B,MED003,Atorvastatin,BCH_6534,660,2026-11-09,5,82,12,42
2026-09-14,HOSP_C,MED001,Paracetamol,BCH_9815,51,2026-11-27,4,56,20,45
2026-09-14,HOSP_C,MED002,Amoxicillin,BCH_6423,502,2027-02-15,6,56,20,20
2026-09-14,HOSP_C,MED003,Atorvastatin,BCH_8158,282,2026-10-07,5,56,20,56
2026-09-15,HOSP_A,MED001,Paracetamol,BCH_2154,201,2027-02-24,4,148,23,35
2026-09-15,HOSP_A,MED002,Amoxicillin,BCH_2648,471,2027-03-12,6,148,23,52
2026-09-15,HOSP_A,MED003,Atorvastatin,BCH_9445,559,2027-01-19,5,148,23,59
2026-09-15,HOSP_B,MED001,Paracetamol,BCH_3961,387,2027-02-04,4,138,7,44
2026-09-15,HOSP_B,MED002,Amoxicillin,BCH_3869,769,2027-03-11,6,138,7,21
2026-09-15,HOSP_B,MED003,Atorvastatin,BCH_9352,447,2026-12-06,5,138,7,55
2026-09-15,HOSP_C,MED001,Paracetamol,BCH_7015,184,2027-02-12,4,70,20,39
2026-09-15,HOSP_C,MED002,Amoxicillin,BCH_5496,82,2027-02-04,6,70,20,22
2026-09-15,HOSP_C,MED003,Atorvastatin,BCH_9050,71,2027-01-26,5,70,20,31
2026-09-16,HOSP_A,MED001,Paracetamol,BCH_4436,487,2026-11-20,4,79,10,57
2026-09-16,HOSP_A,MED002,Amoxicillin,BCH_4354,275,2026-10-27,6,79,10,27
2026-09-16,HOSP_A,MED003,Atorvastatin,BCH_5893,333,2027-01-05,5,79,10,40
2026-09-16,HOSP_B,MED001,Paracetamol,BCH_8996,708,2026-11-17,4,113,5,24
2026-09-16,HOSP_B,MED002,Amoxicillin,BCH_5642,561,2026-11-18,6,113,5,23
2026-09-16,HOSP_B,MED003,Atorvastatin,BCH_8339,526,2027-03-07,5,113,5,36
2026-09-16,HOSP_C,MED001,Paracetamol,BCH_2060,398,2026-10-24,4,95,10,54
2026-09-16,HOSP_C,MED002,Amoxicillin,BCH_4170,240,2027-01-24,6,95,10,50
2026-09-16,HOSP_C,MED003,Atorvastatin,BCH_3975,305,2027-03-10,5,95,10,40
2026-09-17,HOSP_A,MED001,Paracetamol,BCH_6854,619,2026-11-24,4,116,22,44
2026-09-17,HOSP_A,MED002,Amoxicillin,BCH_2895,675,2027-03-24,6,116,22,22
2026-09-17,HOSP_A,MED003,Atorvastatin,BCH_5014,712,2026-12-26,5,116,22,51
2026-09-17,HOSP_B,MED001,Paracetamol,BCH_1784,442,2027-01-13,4,115,14,21
2026-09-17,HOSP_B,MED002,Amoxicillin,BCH_6596,587,2027-03-20,6,115,14,58
2026-09-17,HOSP_B,MED003,Atorvastatin,BCH_2841,457,2027-03-03,5,115,14,54
2026-09-17,HOSP_C,MED001,Paracetamol,BCH_5780,370,2026-10-21,4,62,11,55
2026-09-17,HOSP_C,MED002,Amoxicillin,BCH_7655,703,2027-02-22,6,62,11,27
2026-09-17,HOSP_C,MED003,Atorvastatin,BCH_7002,141,2027-02-21,5,62,11,31
2026-09-18,HOSP_A,MED001,Paracetamol,BCH_1853,714,2026-11-22,4,147,6,51
2026-09-18,HOSP_A,MED002,Amoxicillin,BCH_7457,391,2026-11-29,6,147,6,41
2026-09-18,HOSP_A,MED003,Atorvastatin,BCH_4854,493,2026-11-25,5,147,6,25
2026-09-18,HOSP_B,MED001,Paracetamol,BCH_6222,399,2026-10-08,4,146,12,24
2026-09-18,HOSP_B,MED002,Amoxicillin,BCH_7966,705,2027-03-19,6,146,12,54
2026-09-18,HOSP_B,MED003,Atorvastatin,BCH_5465,155,2027-02-03,5,146,12,32
2026-09-18,HOSP_C,MED001,Paracetamol,BCH_9311,653,2026-12-04,4,79,23,36
2026-09-18,HOSP_C,MED002,Amoxicillin,BCH_9932,176,2027-01-27,6,79,23,45
2026-09-18,HOSP_C,MED003,Atorvastatin,BCH_2931,107,2027-02-08,5,79,23,28
2026-09-19,HOSP_A,MED001,Paracetamol,BCH_8805,609,2027-01-29,4,50,19,53
2026-09-19,HOSP_A,MED002,Amoxicillin,BCH_8404,321,2027-01-28,6,50,19,44
2026-09-19,HOSP_A,MED003,Atorvastatin,BCH_1580,296,2026-10-25,5,50,19,58
2026-09-19,HOSP_B,MED001,Paracetamol,BCH_2679,135,2027-03-31,4,116,16,45
2026-09-19,HOSP_B,MED002,Amoxicillin,BCH_6188,143,2026-11-19,6,116,16,48
2026-09-19,HOSP_B,MED003,Atorvastatin,BCH_7617,390,2027-03-28,5,116,16,24
2026-09-19,HOSP_C,MED001,Paracetamol,BCH_8421,72,2027-01-12,4,88,8,52
2026-09-19,HOSP_C,MED002,Amoxicillin,BCH_3849,272,2027-04-01,6,88,8,29
2026-09-19,HOSP_C,MED003,Atorvastatin,BCH_7905,491,2027-02-27,5,88,8,29
2026-09-20,HOSP_A,MED001,Paracetamol,BCH_5611,385,2026-10-20,4,145,5,24
2026-09-20,HOSP_A,MED002,Amoxicillin,BCH_7303,713,2026-12-27,6,145,5,21
2026-09-20,HOSP_A,MED003,Atorvastatin,BCH_7833,429,2027-03-16,5,145,5,31
2026-09-20,HOSP_B,MED001,Paracetamol,BCH_6387,626,2026-12-10,4,82,5,56
2026-09-20,HOSP_B,MED002,Amoxicillin,BCH_4913,605,2026-11-16,6,82,5,52
2026-09-20,HOSP_B,MED003,Atorvastatin,BCH_5107,351,2027-01-07,5,82,5,48
2026-09-20,HOSP_C,MED001,Paracetamol,BCH_9967,651,2027-01-05,4,51,23,54
2026-09-20,HOSP_C,MED002,Amoxicillin,BCH_9306,245,2027-01-17,6,51,23,53
2026-09-20,HOSP_C,MED003,Atorvastatin,BCH_1412,469,2027-02-01,5,51,23,30
2026-09-21,HOSP_A,MED001,Paracetamol,BCH_6988,241,2027-03-06,4,138,8,29
2026-09-21,HOSP_A,MED002,Amoxicillin,BCH_2122,145,2026-11-10,6,138,8,54
2026-09-21,HOSP_A,MED003,Atorvastatin,BCH_7806,418,2026-11-11,5,138,8,43
2026-09-21,HOSP_B,MED001,Paracetamol,BCH_3914,322,2027-01-18,4,104,17,42
2026-09-21,HOSP_B,MED002,Amoxicillin,BCH_1728,446,2026-12-30,6,104,17,39
2026-09-21,HOSP_B,MED003,Atorvastatin,BCH_1395,125,2027-03-01,5,104,17,38
2026-09-21,HOSP_C,MED001,Paracetamol,BCH_1717,613,2027-02-10,4,58,11,47
2026-09-21,HOSP_C,MED002,Amoxicillin,BCH_6486,118,2027-02-26,6,58,11,38
2026-09-21,HOSP_C,MED003,Atorvastatin,BCH_5491,518,2026-10-30,5,58,11,54
2026-09-22,HOSP_A,MED001,Paracetamol,BCH_3156,91,2027-04-05,4,149,20,58
2026-09-22,HOSP_A,MED002,Amoxicillin,BCH_7541,182,2027-02-05,6,149,20,58
2026-09-22,HOSP_A,MED003,Atorvastatin,BCH_6334,707,2026-12-20,5,149,20,54
2026-09-22,HOSP_B,MED001,Paracetamol,BCH_1953,302,2027-02-28,4,125,13,29
2026-09-22,HOSP_B,MED002,Amoxicillin,BCH_2542,702,2027-03-29,6,125,13,57
2026-09-22,HOSP_B,MED003,Atorvastatin,BCH_7313,683,2027-02-20,5,125,13,59
2026-09-22,HOSP_C,MED001,Paracetamol,BCH_6541,697,2026-12-28,4,115,9,48
2026-09-22,HOSP_C,MED002,Amoxicillin,BCH_2365,560,2027-02-28,6,115,9,20
2026-09-22,HOSP_C,MED003,Atorvastatin,BCH_5312,181,2026-11-20,5,115,9,26
2026-09-23,HOSP_A,MED001,Paracetamol,BCH_2810,231,2027-01-23,4,85,10,50
2026-09-23,HOSP_A,MED002,Amoxicillin,BCH_5186,580,2027-01-05,6,85,10,58
2026-09-23,HOSP_A,MED003,Atorvastatin,BCH_5268,269,2027-02-25,5,85,10,58
2026-09-23,HOSP_B,MED001,Paracetamol,BCH_9647,410,2026-12-07,4,107,24,47
2026-09-23,HOSP_B,MED002,Amoxicillin,BCH_4072,397,2027-02-15,6,107,24,58
2026-09-23,HOSP_B,MED003,Atorvastatin,BCH_1823,166,2027-03-17,5,107,24,44
2026-09-23,HOSP_C,MED001,Paracetamol,BCH_7316,198,2026-12-07,4,55,16,51
2026-09-23,HOSP_C,MED002,Amoxicillin,BCH_6348,276,2027-03-20,6,55,16,35
2026-09-23,HOSP_C,MED003,Atorvastatin,BCH_7190,575,2026-11-25,5,55,16,38
2026-09-24,HOSP_A,MED001,Paracetamol,BCH_3703,61,2027-04-11,4,64,5,22
2026-09-24,HOSP_A,MED002,Amoxicillin,BCH_6063,457,2027-01-18,6,64,5,29
2026-09-24,HOSP_A,MED003,Atorvastatin,BCH_5468,171,2026-10-16,5,64,5,47
2026-09-24,HOSP_B,MED001,Paracetamol,BCH_4719,227,2026-12-07,4,141,8,45
2026-09-24,HOSP_B,MED002,Amoxicillin,BCH_5964,789,2026-11-18,6,141,8,47
2026-09-24,HOSP_B,MED003,Atorvastatin,BCH_8102,250,2027-03-02,5,141,8,46
2026-09-24,HOSP_C,MED001,Paracetamol,BCH_3779,607,2027-03-14,4,82,24,32
2026-09-24,HOSP_C,MED002,Amoxicillin,BCH_4324,643,2027-02-19,6,82,24,54
2026-09-24,HOSP_C,MED003,Atorvastatin,BCH_2838,499,2027-03-10,5,82,24,24
2026-09-25,HOSP_A,MED001,Paracetamol,BCH_2015,423,2026-11-11,4,59,22,24
2026-09-25,HOSP_A,MED002,Amoxicillin,BCH_3193,331,2027-04-04,6,59,22,20
2026-09-25,HOSP_A,MED003,Atorvastatin,BCH_4925,738,2026-12-07,5,59,22,44
2026-09-25,HOSP_B,MED001,Paracetamol,BCH_8266,454,2027-02-15,4,126,5,53
2026-09-25,HOSP_B,MED002,Amoxicillin,BCH_3000,694,2027-01-12,6,126,5,25
2026-09-25,HOSP_B,MED003,Atorvastatin,BCH_2460,614,2026-11-01,5,126,5,57
2026-09-25,HOSP_C,MED001,Paracetamol,BCH_5178,134,2027-03-03,4,86,14,29
2026-09-25,HOSP_C,MED002,Amoxicillin,BCH_7600,50,2027-01-27,6,86,14,33
2026-09-25,HOSP_C,MED003,Atorvastatin,BCH_8939,537,2027-01-30,5,86,14,32
2026-09-26,HOSP_A,MED001,Paracetamol,BCH_8239,203,2026-11-18,4,81,6,47
2026-09-26,HOSP_A,MED002,Amoxicillin,BCH_1770,355,2027-02-10,6,81,6,53
2026-09-26,HOSP_A,MED003,Atorvastatin,BCH_2077,783,2027-02-20,5,81,6,31
2026-09-26,HOSP_B,MED001,Paracetamol,BCH_2252,627,2027-01-03,4,106,21,42
2026-09-26,HOSP_B,MED002,Amoxicillin,BCH_5530,471,2027-01-21,6,106,21,30
2026-09-26,HOSP_B,MED003,Atorvastatin,BCH_7949,147,2026-11-29,5,106,21,53
2026-09-26,HOSP_C,MED001,Paracetamol,BCH_2331,530,2027-03-25,4,131,19,46
2026-09-26,HOSP_C,MED002,Amoxicillin,BCH_6115,155,2026-11-09,6,131,19,43
2026-09-26,HOSP_C,MED003,Atorvastatin,BCH_3180,187,2026-11-08,5,131,19,36
2026-09-27,HOSP_A,MED001,Paracetamol,BCH_3832,118,2027-01-03,4,105,21,29
2026-09-27,HOSP_A,MED002,Amoxicillin,BCH_8941,499,2026-12-03,6,105,21,53
2026-09-27,HOSP_A,MED003,Atorvastatin,BCH_7269,160,2026-11-23,5,105,21,32
2026-09-27,HOSP_B,MED001,Paracetamol,BCH_7090,569,2027-02-06,4,72,20,50
2026-09-27,HOSP_B,MED002,Amoxicillin,BCH_9472,244,2027-01-15,6,72,20,23
2026-09-27,HOSP_B,MED003,Atorvastatin,BCH_5188,110,2027-03-20,5,72,20,46
2026-09-27,HOSP_C,MED001,Paracetamol,BCH_6124,731,2027-01-11,4,100,23,40
2026-09-27,HOSP_C,MED002,Amoxicillin,BCH_7981,694,2026-10-12,6,100,23,41
2026-09-27,HOSP_C,MED003,Atorvastatin,BCH_3393,595,2026-11-26,5,100,23,31
2026-09-28,HOSP_A,MED001,Paracetamol,BCH_8240,298,2026-11-07,4,98,18,45
2026-09-28,HOSP_A,MED002,Amoxicillin,BCH_7493,97,2027-01-27,6,98,18,41
2026-09-28,HOSP_A,MED003,Atorvastatin,BCH_2276,768,2027-04-10,5,98,18,36
2026-09-28,HOSP_B,MED001,Paracetamol,BCH_9150,265,2026-12-29,4,96,18,45
2026-09-28,HOSP_B,MED002,Amoxicillin,BCH_1364,575,2027-03-15,6,96,18,21
2026-09-28,HOSP_B,MED003,Atorvastatin,BCH_6122,799,2027-01-31,5,96,18,26
2026-09-28,HOSP_C,MED001,Paracetamol,BCH_2906,241,2026-10-27,4,67,10,54
2026-09-28,HOSP_C,MED002,Amoxicillin,BCH_6750,763,2026-11-09,6,67,10,44
2026-09-28,HOSP_C,MED003,Atorvastatin,BCH_2976,280,2026-10-29,5,67,10,58
2026-09-29,HOSP_A,MED001,Paracetamol,BCH_7288,261,2026-10-26,4,135,16,44
2026-09-29,HOSP_A,MED002,Amoxicillin,BCH_8561,282,2026-12-19,6,135,16,44
2026-09-29,HOSP_A,MED003,Atorvastatin,BCH_7371,519,2027-02-01,5,135,16,37
2026-09-29,HOSP_B,MED001,Paracetamol,BCH_7891,603,2027-01-04,4,83,19,27
2026-09-29,HOSP_B,MED002,Amoxicillin,BCH_3739,369,2026-11-08,6,83,19,56
2026-09-29,HOSP_B,MED003,Atorvastatin,BCH_1876,338,2027-02-11,5,83,19,53
2026-09-29,HOSP_C,MED001,Paracetamol,BCH_6622,565,2027-02-02,4,102,10,25
2026-09-29,HOSP_C,MED002,Amoxicillin,BCH_7986,399,2026-12-14,6,102,10,49
2026-09-29,HOSP_C,MED003,Atorvastatin,BCH_4735,186,2026-12-07,5,102,10,50
2026-09-30,HOSP_A,MED001,Paracetamol,BCH_2063,272,2026-11-19,4,52,23,50
2026-09-30,HOSP_A,MED002,Amoxicillin,BCH_8489,53,2026-12-28,6,52,23,25
2026-09-30,HOSP_A,MED003,Atorvastatin,BCH_9837,655,2027-02-09,5,52,23,34
2026-09-30,HOSP_B,MED001,Paracetamol,BCH_7316,694,2026-11-27,4,100,6,34
2026-09-30,HOSP_B,MED002,Amoxicillin,BCH_9915,162,2026-11-03,6,100,6,25
2026-09-30,HOSP_B,MED003,Atorvastatin,BCH_3048,703,2027-01-12,5,100,6,31
2026-09-30,HOSP_C,MED001,Paracetamol,BCH_2917,560,2027-03-02,4,113,10,56
2026-09-30,HOSP_C,MED002,Amoxicillin,BCH_7988,722,2026-10-17,6,113,10,55
2026-09-30,HOSP_C,MED003,Atorvastatin,BCH_1009,699,2026-10-19,5,113,10,25
2026-10-01,HOSP_A,MED001,Paracetamol,BCH_6287,645,2027-02-22,4,93,61,112
2026-10-01,HOSP_A,MED002,Amoxicillin,BCH_2342,378,2027-01-24,6,93,61,70
2026-10-01,HOSP_A,MED003,Atorvastatin,BCH_3824,599,2027-03-07,5,93,61,36
2026-10-01,HOSP_B,MED001,Paracetamol,BCH_1235,383,2027-04-11,4,84,21,24
2026-10-01,HOSP_B,MED002,Amoxicillin,BCH_6256,637,2027-03-26,6,84,21,30
2026-10-01,HOSP_B,MED003,Atorvastatin,BCH_3560,369,2026-11-24,5,84,21,54
2026-10-01,HOSP_C,MED001,Paracetamol,BCH_7413,340,2026-12-14,4,71,12,30
2026-10-01,HOSP_C,MED002,Amoxicillin,BCH_3898,127,2027-02-15,6,71,12,40
2026-10-01,HOSP_C,MED003,Atorvastatin,BCH_5227,798,2027-01-12,5,71,12,45
2026-10-02,HOSP_A,MED001,Paracetamol,BCH_7943,686,2027-04-13,4,91,84,129
2026-10-02,HOSP_A,MED002,Amoxicillin,BCH_6984,624,2026-11-08,6,91,84,199
2026-10-02,HOSP_A,MED003,Atorvastatin,BCH_3712,274,2027-03-10,5,91,84,34
2026-10-02,HOSP_B,MED001,Paracetamol,BCH_5018,247,2026-11-24,4,115,18,59
2026-10-02,HOSP_B,MED002,Amoxicillin,BCH_2202,497,2026-11-27,6,115,18,25
2026-10-02,HOSP_B,MED003,Atorvastatin,BCH_6742,338,2027-03-22,5,115,18,34
2026-10-02,HOSP_C,MED001,Paracetamol,BCH_1419,599,2027-03-22,4,143,11,46
2026-10-02,HOSP_C,MED002,Amoxicillin,BCH_1950,303,2026-11-18,6,143,11,52
2026-10-02,HOSP_C,MED003,Atorvastatin,BCH_3645,571,2026-12-21,5,143,11,23
2026-10-03,HOSP_A,MED001,Paracetamol,BCH_7028,277,2027-03-25,4,54,118,101
2026-10-03,HOSP_A,MED002,Amoxicillin,BCH_8863,206,2026-11-01,6,54,118,150
2026-10-03,HOSP_A,MED003,Atorvastatin,BCH_3371,734,2027-01-01,5,54,118,27
2026-10-03,HOSP_B,MED001,Paracetamol,BCH_1793,332,2026-11-29,4,51,23,55
2026-10-03,HOSP_B,MED002,Amoxicillin,BCH_6779,303,2026-10-28,6,51,23,24
2026-10-03,HOSP_B,MED003,Atorvastatin,BCH_7166,395,2026-12-03,5,51,23,29
2026-10-03,HOSP_C,MED001,Paracetamol,BCH_8783,665,2027-02-05,4,95,15,31
2026-10-03,HOSP_C,MED002,Amoxicillin,BCH_8147,373,2027-01-25,6,95,15,31
2026-10-03,HOSP_C,MED003,Atorvastatin,BCH_4876,176,2026-12-28,5,95,15,24
2026-10-04,HOSP_A,MED001,Paracetamol,BCH_6109,78,2026-12-08,4,141,90,98
2026-10-04,HOSP_A,MED002,Amoxicillin,BCH_4368,456,2026-10-29,6,141,90,115
2026-10-04,HOSP_A,MED003,Atorvastatin,BCH_6732,395,2027-03-16,5,141,90,20
2026-10-04,HOSP_B,MED001,Paracetamol,BCH_3708,358,2027-04-11,4,85,5,59
2026-10-04,HOSP_B,MED002,Amoxicillin,BCH_9393,362,2027-04-16,6,85,5,28
2026-10-04,HOSP_B,MED003,Atorvastatin,BCH_8970,293,2026-12-20,5,85,5,45
2026-10-04,HOSP_C,MED001,Paracetamol,BCH_9577,259,2027-03-02,4,74,15,57
2026-10-04,HOSP_C,MED002,Amoxicillin,BCH_9609,578,2027-01-17,6,74,15,46
2026-10-04,HOSP_C,MED003,Atorvastatin,BCH_2990,759,2027-04-16,5,74,15,43
2026-10-05,HOSP_A,MED001,Paracetamol,BCH_5757,205,2027-03-22,4,137,92,168
2026-10-05,HOSP_A,MED002,Amoxicillin,BCH_1966,133,2027-01-08,6,137,92,140
2026-10-05,HOSP_A,MED003,Atorvastatin,BCH_4701,525,2027-01-13,5,137,92,39
2026-10-05,HOSP_B,MED001,Paracetamol,BCH_2759,264,2027-03-09,4,112,12,26
2026-10-05,HOSP_B,MED002,Amoxicillin,BCH_3079,334,2027-03-26,6,112,12,38
2026-10-05,HOSP_B,MED003,Atorvastatin,BCH_9477,473,2027-03-12,5,112,12,48
2026-10-05,HOSP_C,MED001,Paracetamol,BCH_6490,243,2027-04-12,4,68,22,20
2026-10-05,HOSP_C,MED002,Amoxicillin,BCH_6232,271,2027-02-10,6,68,22,47
2026-10-05,HOSP_C,MED003,Atorvastatin,BCH_5926,313,2027-02-28,5,68,22,57
2026-10-06,HOSP_A,MED001,Paracetamol,BCH_5873,211,2027-02-07,4,78,114,203
2026-10-06,HOSP_A,MED002,Amoxicillin,BCH_1054,227,2026-11-21,6,78,114,182
2026-10-06,HOSP_A,MED003,Atorvastatin,BCH_1832,492,2026-12-16,5,78,114,26
2026-10-06,HOSP_B,MED001,Paracetamol,BCH_7722,658,2026-12-10,4,121,19,56
2026-10-06,HOSP_B,MED002,Amoxicillin,BCH_4054,467,2026-10-28,6,121,19,47
2026-10-06,HOSP_B,MED003,Atorvastatin,BCH_3143,127,2027-01-16,5,121,19,54
2026-10-06,HOSP_C,MED001,Paracetamol,BCH_5547,231,2027-04-03,4,81,18,35
2026-10-06,HOSP_C,MED002,Amoxicillin,BCH_6005,56,2026-12-14,6,81,18,40
2026-10-06,HOSP_C,MED003,Atorvastatin,BCH_9966,200,2027-03-30,5,81,18,29
2026-10-07,HOSP_A,MED001,Paracetamol,BCH_2308,563,2027-01-11,4,134,78,133
2026-10-07,HOSP_A,MED002,Amoxicillin,BCH_7852,572,2027-03-18,6,134,78,70
2026-10-07,HOSP_A,MED003,Atorvastatin,BCH_5566,445,2027-02-17,5,134,78,21
2026-10-07,HOSP_B,MED001,Paracetamol,BCH_2279,275,2027-03-07,4,69,9,56
2026-10-07,HOSP_B,MED002,Amoxicillin,BCH_6619,413,2027-01-15,6,69,9,54
2026-10-07,HOSP_B,MED003,Atorvastatin,BCH_3679,776,2026-12-19,5,69,9,43
2026-10-07,HOSP_C,MED001,Paracetamol,BCH_3573,601,2026-10-30,4,145,21,36
2026-10-07,HOSP_C,MED002,Amoxicillin,BCH_9428,408,2026-11-15,6,145,21,21
2026-10-07,HOSP_C,MED003,Atorvastatin,BCH_6877,284,2026-11-12,5,145,21,28
2026-10-08,HOSP_A,MED001,Paracetamol,BCH_9996,195,2027-01-05,4,53,85,168
2026-10-08,HOSP_A,MED002,Amoxicillin,BCH_6475,83,2026-12-02,6,53,85,140
2026-10-08,HOSP_A,MED003,Atorvastatin,BCH_6796,427,2027-03-24,5,53,85,36
2026-10-08,HOSP_B,MED001,Paracetamol,BCH_3074,336,2026-12-18,4,125,14,41
2026-10-08,HOSP_B,MED002,Amoxicillin,BCH_5263,317,2027-01-28,6,125,14,25
2026-10-08,HOSP_B,MED003,Atorvastatin,BCH_3969,607,2027-02-21,5,125,14,26
2026-10-08,HOSP_C,MED001,Paracetamol,BCH_3866,341,2027-04-21,4,113,6,20
2026-10-08,HOSP_C,MED002,Amoxicillin,BCH_5124,345,2027-03-20,6,113,6,45
2026-10-08,HOSP_C,MED003,Atorvastatin,BCH_8679,162,2027-04-04,5,113,6,30
