date,facility_id,medicine_id,generic_name,therapeutic_class,lead_time_days,is_outbreak_spike,daily_demand,total_current_stock,days_to_stockout,shortage_warning,oldest_batch_expiry_date,expiry_risk_status
2026-09-24,HOSP_A,MED001,Paracetamol,Antipyretic,4,0,124,1280,10.3,NORMAL,2027-01-13,SAFE
2026-09-25,HOSP_A,MED001,Paracetamol,Antipyretic,4,0,103,1177,11.4,NORMAL,2027-01-13,SAFE
2026-09-26,HOSP_A,MED001,Paracetamol,Antipyretic,4,0,103,1074,10.4,NORMAL,2027-01-13,SAFE
2026-09-27,HOSP_A,MED001,Paracetamol,Antipyretic,4,0,98,976,10.0,NORMAL,2027-01-13,SAFE
2026-09-28,HOSP_A,MED001,Paracetamol,Antipyretic,4,0,137,839,6.1,WARNING_REORDER_NOW,2027-01-13,SAFE
2026-09-29,HOSP_A,MED001,Paracetamol,Antipyretic,4,0,124,715,5.8,WARNING_REORDER_NOW,2027-01-13,SAFE
2026-09-30,HOSP_A,MED001,Paracetamol,Antipyretic,4,0,129,586,4.5,WARNING_REORDER_NOW,2027-01-13,SAFE
2026-10-01,HOSP_A,MED001,Paracetamol,Antipyretic,4,0,96,490,5.1,WARNING_REORDER_NOW,2027-01-13,SAFE
2026-10-02,HOSP_A,MED001,Paracetamol,Antipyretic,4,0,142,348,2.5,CRITICAL_STOCKOUT_IMMINENT,2027-01-13,SAFE
2026-10-03,HOSP_A,MED001,Paracetamol,Antipyretic,4,0,135,213,1.6,CRITICAL_STOCKOUT_IMMINENT,2027-01-13,SAFE
2026-10-04,HOSP_A,MED001,Paracetamol,Antipyretic,4,1,410,0,0.0,CRITICAL_STOCKOUT_IMMINENT,2027-01-13,SAFE
2026-10-05,HOSP_A,MED001,Paracetamol,Antipyretic,4,1,403,0,0.0,CRITICAL_STOCKOUT_IMMINENT,2027-01-13,SAFE
2026-10-06,HOSP_A,MED001,Paracetamol,Antipyretic,4,1,404,0,0.0,CRITICAL_STOCKOUT_IMMINENT,2027-01-13,SAFE
2026-10-07,HOSP_A,MED001,Paracetamol,Antipyretic,4,1,433,0,0.0,CRITICAL_STOCKOUT_IMMINENT,2027-01-13,SAFE
2026-10-08,HOSP_A,MED001,Paracetamol,Antipyretic,4,1,485,0,0.0,CRITICAL_STOCKOUT_IMMINENT,2027-01-13,SAFE
2026-09-24,HOSP_A,MED002,Amoxicillin,Antibiotic,6,0,65,1166,17.9,NORMAL,2026-11-30,SAFE
2026-09-25,HOSP_A,MED002,Amoxicillin,Antibiotic,6,0,95,1071,11.3,NORMAL,2026-11-30,SAFE
2026-09-26,HOSP_A,MED002,Amoxicillin,Antibiotic,6,0,71,1000,14.1,NORMAL,2026-11-30,SAFE
2026-09-27,HOSP_A,MED002,Amoxicillin,Antibiotic,6,0,66,934,14.2,NORMAL,2026-11-30,SAFE
2026-09-28,HOSP_A,MED002,Amoxicillin,Antibiotic,6,0,83,851,10.3,NORMAL,2026-11-30,SAFE
2026-09-29,HOSP_A,MED002,Amoxicillin,Antibiotic,6,0,76,775,10.2,NORMAL,2026-11-30,SAFE
2026-09-30,HOSP_A,MED002,Amoxicillin,Antibiotic,6,0,95,680,7.2,WARNING_REORDER_NOW,2026-11-30,SAFE
2026-10-01,HOSP_A,MED002,Amoxicillin,Antibiotic,6,0,78,602,7.7,WARNING_REORDER_NOW,2026-11-30,SAFE
2026-10-02,HOSP_A,MED002,Amoxicillin,Antibiotic,6,0,91,511,5.6,CRITICAL_STOCKOUT_IMMINENT,2026-11-30,SAFE
2026-10-03,HOSP_A,MED002,Amoxicillin,Antibiotic,6,0,85,426,5.0,CRITICAL_STOCKOUT_IMMINENT,2026-11-30,SAFE
2026-10-04,HOSP_A,MED002,Amoxicillin,Antibiotic,6,1,312,114,0.4,CRITICAL_STOCKOUT_IMMINENT,2026-11-30,SAFE
2026-10-05,HOSP_A,MED002,Amoxicillin,Antibiotic,6,1,242,0,0.0,CRITICAL_STOCKOUT_IMMINENT,2026-11-30,SAFE
2026-10-06,HOSP_A,MED002,Amoxicillin,Antibiotic,6,1,390,0,0.0,CRITICAL_STOCKOUT_IMMINENT,2026-11-30,SAFE
2026-10-07,HOSP_A,MED002,Amoxicillin,Antibiotic,6,1,330,0,0.0,CRITICAL_STOCKOUT_IMMINENT,2026-11-30,SAFE
2026-10-08,HOSP_A,MED002,Amoxicillin,Antibiotic,6,1,301,0,0.0,CRITICAL_STOCKOUT_IMMINENT,2026-11-30,SAFE
2026-09-24,HOSP_A,MED003,Salbutamol,Bronchodilator,7,0,42,554,13.2,NORMAL,2026-10-14,SAFE
2026-09-25,HOSP_A,MED003,Salbutamol,Bronchodilator,7,0,41,513,12.5,NORMAL,2026-10-14,SAFE
2026-09-26,HOSP_A,MED003,Salbutamol,Bronchodilator,7,0,45,468,10.4,NORMAL,2026-10-14,SAFE
2026-09-27,HOSP_A,MED003,Salbutamol,Bronchodilator,7,0,34,434,12.8,NORMAL,2026-10-14,SAFE
2026-09-28,HOSP_A,MED003,Salbutamol,Bronchodilator,7,0,38,396,10.4,NORMAL,2026-10-14,SAFE
2026-09-29,HOSP_A,MED003,Salbutamol,Bronchodilator,7,0,34,362,10.6,NORMAL,2026-10-14,SAFE
2026-09-30,HOSP_A,MED003,Salbutamol,Bronchodilator,7,0,44,318,7.2,WARNING_REORDER_NOW,2026-10-14,SAFE
2026-10-01,HOSP_A,MED003,Salbutamol,Bronchodilator,7,0,38,280,7.4,WARNING_REORDER_NOW,2026-10-14,SAFE
2026-10-02,HOSP_A,MED003,Salbutamol,Bronchodilator,7,0,35,245,7.0,CRITICAL_STOCKOUT_IMMINENT,2026-10-14,SAFE
2026-10-03,HOSP_A,MED003,Salbutamol,Bronchodilator,7,0,41,204,5.0,CRITICAL_STOCKOUT_IMMINENT,2026-10-14,SAFE
2026-10-04,HOSP_A,MED003,Salbutamol,Bronchodilator,7,1,122,82,0.7,CRITICAL_STOCKOUT_IMMINENT,2026-10-14,SAFE
2026-10-05,HOSP_A,MED003,Salbutamol,Bronchodilator,7,1,187,0,0.0,CRITICAL_STOCKOUT_IMMINENT,2026-10-14,SAFE
2026-10-06,HOSP_A,MED003,Salbutamol,Bronchodilator,7,1,155,0,0.0,CRITICAL_STOCKOUT_IMMINENT,2026-10-14,SAFE
2026-10-07,HOSP_A,MED003,Salbutamol,Bronchodilator,7,1,151,0,0.0,CRITICAL_STOCKOUT_IMMINENT,2026-10-14,SAFE
2026-10-08,HOSP_A,MED003,Salbutamol,Bronchodilator,7,1,194,0,0.0,CRITICAL_STOCKOUT_IMMINENT,2026-10-14,SAFE
2026-09-24,HOSP_A,MED004,Normal Saline IV,IV Fluids,3,0,227,2276,10.0,NORMAL,2026-10-27,SAFE
2026-09-25,HOSP_A,MED004,Normal Saline IV,IV Fluids,3,0,219,2057,9.4,NORMAL,2026-10-27,SAFE
2026-09-26,HOSP_A,MED004,Normal Saline IV,IV Fluids,3,0,203,1854,9.1,NORMAL,2026-10-27,SAFE
2026-09-27,HOSP_A,MED004,Normal Saline IV,IV Fluids,3,0,206,1648,8.0,NORMAL,2026-10-27,SAFE
2026-09-28,HOSP_A,MED004,Normal Saline IV,IV Fluids,3,0,237,1411,6.0,WARNING_REORDER_NOW,2026-10-27,SAFE
2026-09-29,HOSP_A,MED004,Normal Saline IV,IV Fluids,3,0,208,1203,5.8,WARNING_REORDER_NOW,2026-10-27,SAFE
2026-09-30,HOSP_A,MED004,Normal Saline IV,IV Fluids,3,0,182,1021,5.6,WARNING_REORDER_NOW,2026-10-27,SAFE
2026-10-01,HOSP_A,MED004,Normal Saline IV,IV Fluids,3,0,183,838,4.6,WARNING_REORDER_NOW,2026-10-27,SAFE
2026-10-02,HOSP_A,MED004,Normal Saline IV,IV Fluids,3,0,173,665,3.8,WARNING_REORDER_NOW,2026-10-27,SAFE
2026-10-03,HOSP_A,MED004,Normal Saline IV,IV Fluids,3,0,161,504,3.1,WARNING_REORDER_NOW,2026-10-27,SAFE
2026-10-04,HOSP_A,MED004,Normal Saline IV,IV Fluids,3,1,769,0,0.0,CRITICAL_STOCKOUT_IMMINENT,2026-10-27,SAFE
2026-10-05,HOSP_A,MED004,Normal Saline IV,IV Fluids,3,1,757,0,0.0,CRITICAL_STOCKOUT_IMMINENT,2026-10-27,SAFE
2026-10-06,HOSP_A,MED004,Normal Saline IV,IV Fluids,3,1,717,0,0.0,CRITICAL_STOCKOUT_IMMINENT,2026-10-27,SAFE
2026-10-07,HOSP_A,MED004,Normal Saline IV,IV Fluids,3,1,605,0,0.0,CRITICAL_STOCKOUT_IMMINENT,2026-10-27,SAFE
2026-10-08,HOSP_A,MED004,Normal Saline IV,IV Fluids,3,1,679,0,0.0,CRITICAL_STOCKOUT_IMMINENT,2026-10-27,SAFE
2026-09-24,HOSP_A,MED005,Atorvastatin,Statin,5,0,70,1085,15.5,NORMAL,2026-11-16,SAFE
2026-09-25,HOSP_A,MED005,Atorvastatin,Statin,5,0,63,1022,16.2,NORMAL,2026-11-16,SAFE
2026-09-26,HOSP_A,MED005,Atorvastatin,Statin,5,0,69,953,13.8,NORMAL,2026-11-16,SAFE
2026-09-27,HOSP_A,MED005,Atorvastatin,Statin,5,0,68,885,13.0,NORMAL,2026-11-16,SAFE
2026-09-28,HOSP_A,MED005,Atorvastatin,Statin,5,0,58,827,14.3,NORMAL,2026-11-16,SAFE
2026-09-29,HOSP_A,MED005,Atorvastatin,Statin,5,0,50,777,15.5,NORMAL,2026-11-16,SAFE
2026-09-30,HOSP_A,MED005,Atorvastatin,Statin,5,0,56,721,12.9,NORMAL,2026-11-16,SAFE
2026-10-01,HOSP_A,MED005,Atorvastatin,Statin,5,0,64,657,10.3,NORMAL,2026-11-16,SAFE
2026-10-02,HOSP_A,MED005,Atorvastatin,Statin,5,0,63,594,9.4,NORMAL,2026-11-16,SAFE
2026-10-03,HOSP_A,MED005,Atorvastatin,Statin,5,0,62,532,8.6,NORMAL,2026-11-16,SAFE
2026-10-04,HOSP_A,MED005,Atorvastatin,Statin,5,0,54,478,8.9,NORMAL,2026-11-16,SAFE
2026-10-05,HOSP_A,MED005,Atorvastatin,Statin,5,0,61,417,6.8,WARNING_REORDER_NOW,2026-11-16,SAFE
2026-10-06,HOSP_A,MED005,Atorvastatin,Statin,5,0,57,360,6.3,WARNING_REORDER_NOW,2026-11-16,SAFE
2026-10-07,HOSP_A,MED005,Atorvastatin,Statin,5,0,71,289,4.1,CRITICAL_STOCKOUT_IMMINENT,2026-11-16,SAFE
2026-10-08,HOSP_A,MED005,Atorvastatin,Statin,5,0,68,221,3.2,CRITICAL_STOCKOUT_IMMINENT,2026-11-16,SAFE
2026-09-24,HOSP_B,MED001,Paracetamol,Antipyretic,4,0,130,1855,14.3,NORMAL,2026-10-26,SAFE
2026-09-25,HOSP_B,MED001,Paracetamol,Antipyretic,4,0,101,1754,17.4,NORMAL,2026-10-26,SAFE
2026-09-26,HOSP_B,MED001,Paracetamol,Antipyretic,4,0,117,1637,14.0,NORMAL,2026-10-26,SAFE
2026-09-27,HOSP_B,MED001,Paracetamol,Antipyretic,4,0,105,1532,14.6,NORMAL,2026-10-26,SAFE
2026-09-28,HOSP_B,MED001,Paracetamol,Antipyretic,4,0,138,1394,10.1,NORMAL,2026-10-26,SAFE
2026-09-29,HOSP_B,MED001,Paracetamol,Antipyretic,4,0,118,1276,10.8,NORMAL,2026-10-26,SAFE
2026-09-30,HOSP_B,MED001,Paracetamol,Antipyretic,4,0,123,1153,9.4,NORMAL,2026-10-26,SAFE
2026-10-01,HOSP_B,MED001,Paracetamol,Antipyretic,4,0,129,1024,7.9,NORMAL,2026-10-26,SAFE
2026-10-02,HOSP_B,MED001,Paracetamol,Antipyretic,4,0,102,922,9.0,NORMAL,2026-10-26,SAFE
2026-10-03,HOSP_B,MED001,Paracetamol,Antipyretic,4,0,125,797,6.4,WARNING_REORDER_NOW,2026-10-26,SAFE
2026-10-04,HOSP_B,MED001,Paracetamol,Antipyretic,4,1,489,308,0.6,CRITICAL_STOCKOUT_IMMINENT,2026-10-26,SAFE
2026-10-05,HOSP_B,MED001,Paracetamol,Antipyretic,4,1,408,0,0.0,CRITICAL_STOCKOUT_IMMINENT,2026-10-26,SAFE
2026-10-06,HOSP_B,MED001,Paracetamol,Antipyretic,4,1,586,0,0.0,CRITICAL_STOCKOUT_IMMINENT,2026-10-26,SAFE
2026-10-07,HOSP_B,MED001,Paracetamol,Antipyretic,4,1,503,0,0.0,CRITICAL_STOCKOUT_IMMINENT,2026-10-26,SAFE
2026-10-08,HOSP_B,MED001,Paracetamol,Antipyretic,4,1,526,0,0.0,CRITICAL_STOCKOUT_IMMINENT,2026-10-26,SAFE
2026-09-24,HOSP_B,MED002,Amoxicillin,Antibiotic,6,0,67,1571,23.4,NORMAL,2026-11-23,SAFE
2026-09-25,HOSP_B,MED002,Amoxicillin,Antibiotic,6,0,78,1493,19.1,NORMAL,2026-11-23,SAFE
2026-09-26,HOSP_B,MED002,Amoxicillin,Antibiotic,6,0,70,1423,20.3,NORMAL,2026-11-23,SAFE
2026-09-27,HOSP_B,MED002,Amoxicillin,Antibiotic,6,0,77,1346,17.5,NORMAL,2026-11-23,SAFE
2026-09-28,HOSP_B,MED002,Amoxicillin,Antibiotic,6,0,92,1254,13.6,NORMAL,2026-11-23,SAFE
2026-09-29,HOSP_B,MED002,Amoxicillin,Antibiotic,6,0,74,1180,15.9,NORMAL,2026-11-23,SAFE
2026-09-30,HOSP_B,MED002,Amoxicillin,Antibiotic,6,0,67,1113,16.6,NORMAL,2026-11-23,SAFE
2026-10-01,HOSP_B,MED002,Amoxicillin,Antibiotic,6,0,75,1038,13.8,NORMAL,2026-11-23,SAFE
2026-10-02,HOSP_B,MED002,Amoxicillin,Antibiotic,6,0,93,945,10.2,NORMAL,2026-11-23,SAFE
2026-10-03,HOSP_B,MED002,Amoxicillin,Antibiotic,6,0,72,873,12.1,NORMAL,2026-11-23,SAFE
2026-10-04,HOSP_B,MED002,Amoxicillin,Antibiotic,6,1,343,530,1.5,CRITICAL_STOCKOUT_IMMINENT,2026-11-23,SAFE
2026-10-05,HOSP_B,MED002,Amoxicillin,Antibiotic,6,1,240,290,1.2,CRITICAL_STOCKOUT_IMMINENT,2026-11-23,SAFE
2026-10-06,HOSP_B,MED002,Amoxicillin,Antibiotic,6,1,296,0,0.0,CRITICAL_STOCKOUT_IMMINENT,2026-11-23,SAFE
2026-10-07,HOSP_B,MED002,Amoxicillin,Antibiotic,6,1,288,0,0.0,CRITICAL_STOCKOUT_IMMINENT,2026-11-23,SAFE
2026-10-08,HOSP_B,MED002,Amoxicillin,Antibiotic,6,1,266,0,0.0,CRITICAL_STOCKOUT_IMMINENT,2026-11-23,SAFE
2026-09-24,HOSP_B,MED003,Salbutamol,Bronchodilator,7,0,36,478,13.3,NORMAL,2026-12-13,SAFE
2026-09-25,HOSP_B,MED003,Salbutamol,Bronchodilator,7,0,35,443,12.7,NORMAL,2026-12-13,SAFE
2026-09-26,HOSP_B,MED003,Salbutamol,Bronchodilator,7,0,34,409,12.0,NORMAL,2026-12-13,SAFE
2026-09-27,HOSP_B,MED003,Salbutamol,Bronchodilator,7,0,35,374,10.7,NORMAL,2026-12-13,SAFE
2026-09-28,HOSP_B,MED003,Salbutamol,Bronchodilator,7,0,40,334,8.3,WARNING_REORDER_NOW,2026-12-13,SAFE
2026-09-29,HOSP_B,MED003,Salbutamol,Bronchodilator,7,0,38,296,7.8,WARNING_REORDER_NOW,2026-12-13,SAFE
2026-09-30,HOSP_B,MED003,Salbutamol,Bronchodilator,7,0,33,263,8.0,WARNING_REORDER_NOW,2026-12-13,SAFE
2026-10-01,HOSP_B,MED003,Salbutamol,Bronchodilator,7,0,36,227,6.3,CRITICAL_STOCKOUT_IMMINENT,2026-12-13,SAFE
2026-10-02,HOSP_B,MED003,Salbutamol,Bronchodilator,7,0,35,192,5.5,CRITICAL_STOCKOUT_IMMINENT,2026-12-13,SAFE
2026-10-03,HOSP_B,MED003,Salbutamol,Bronchodilator,7,0,43,149,3.5,CRITICAL_STOCKOUT_IMMINENT,2026-12-13,SAFE
2026-10-04,HOSP_B,MED003,Salbutamol,Bronchodilator,7,1,176,0,0.0,CRITICAL_STOCKOUT_IMMINENT,2026-12-13,SAFE
2026-10-05,HOSP_B,MED003,Salbutamol,Bronchodilator,7,1,131,0,0.0,CRITICAL_STOCKOUT_IMMINENT,2026-12-13,SAFE
2026-10-06,HOSP_B,MED003,Salbutamol,Bronchodilator,7,1,199,0,0.0,CRITICAL_STOCKOUT_IMMINENT,2026-12-13,SAFE
2026-10-07,HOSP_B,MED003,Salbutamol,Bronchodilator,7,1,141,0,0.0,CRITICAL_STOCKOUT_IMMINENT,2026-12-13,SAFE
2026-10-08,HOSP_B,MED003,Salbutamol,Bronchodilator,7,1,198,0,0.0,CRITICAL_STOCKOUT_IMMINENT,2026-12-13,SAFE
2026-09-24,HOSP_B,MED004,Normal Saline IV,IV Fluids,3,0,179,2389,13.3,NORMAL,2027-01-07,SAFE
2026-09-25,HOSP_B,MED004,Normal Saline IV,IV Fluids,3,0,171,2218,13.0,NORMAL,2027-01-07,SAFE
2026-09-26,HOSP_B,MED004,Normal Saline IV,IV Fluids,3,0,199,2019,10.1,NORMAL,2027-01-07,SAFE
2026-09-27,HOSP_B,MED004,Normal Saline IV,IV Fluids,3,0,238,1781,7.5,NORMAL,2027-01-07,SAFE
2026-09-28,HOSP_B,MED004,Normal Saline IV,IV Fluids,3,0,179,1602,8.9,NORMAL,2027-01-07,SAFE
2026-09-29,HOSP_B,MED004,Normal Saline IV,IV Fluids,3,0,213,1389,6.5,NORMAL,2027-01-07,SAFE
2026-09-30,HOSP_B,MED004,Normal Saline IV,IV Fluids,3,0,220,1169,5.3,WARNING_REORDER_NOW,2027-01-07,SAFE
2026-10-01,HOSP_B,MED004,Normal Saline IV,IV Fluids,3,0,179,990,5.5,WARNING_REORDER_NOW,2027-01-07,SAFE
2026-10-02,HOSP_B,MED004,Normal Saline IV,IV Fluids,3,0,218,772,3.5,WARNING_REORDER_NOW,2027-01-07,SAFE
2026-10-03,HOSP_B,MED004,Normal Saline IV,IV Fluids,3,0,189,583,3.1,WARNING_REORDER_NOW,2027-01-07,SAFE
2026-10-04,HOSP_B,MED004,Normal Saline IV,IV Fluids,3,1,852,0,0.0,CRITICAL_STOCKOUT_IMMINENT,2027-01-07,SAFE
2026-10-05,HOSP_B,MED004,Normal Saline IV,IV Fluids,3,1,853,0,0.0,CRITICAL_STOCKOUT_IMMINENT,2027-01-07,SAFE
2026-10-06,HOSP_B,MED004,Normal Saline IV,IV Fluids,3,1,814,0,0.0,CRITICAL_STOCKOUT_IMMINENT,2027-01-07,SAFE
2026-10-07,HOSP_B,MED004,Normal Saline IV,IV Fluids,3,1,636,0,0.0,CRITICAL_STOCKOUT_IMMINENT,2027-01-07,SAFE
2026-10-08,HOSP_B,MED004,Normal Saline IV,IV Fluids,3,1,934,0,0.0,CRITICAL_STOCKOUT_IMMINENT,2027-01-07,SAFE
2026-09-24,HOSP_B,MED005,Atorvastatin,Statin,5,0,62,931,15.0,NORMAL,2026-12-21,SAFE
2026-09-25,HOSP_B,MED005,Atorvastatin,Statin,5,0,64,867,13.5,NORMAL,2026-12-21,SAFE
2026-09-26,HOSP_B,MED005,Atorvastatin,Statin,5,0,48,819,17.1,NORMAL,2026-12-21,SAFE
2026-09-27,HOSP_B,MED005,Atorvastatin,Statin,5,0,60,759,12.7,NORMAL,2026-12-21,SAFE
2026-09-28,HOSP_B,MED005,Atorvastatin,Statin,5,0,53,706,13.3,NORMAL,2026-12-21,SAFE
2026-09-29,HOSP_B,MED005,Atorvastatin,Statin,5,0,63,643,10.2,NORMAL,2026-12-21,SAFE
2026-09-30,HOSP_B,MED005,Atorvastatin,Statin,5,0,52,591,11.4,NORMAL,2026-12-21,SAFE
2026-10-01,HOSP_B,MED005,Atorvastatin,Statin,5,0,64,527,8.2,NORMAL,2026-12-21,SAFE
2026-10-02,HOSP_B,MED005,Atorvastatin,Statin,5,0,57,470,8.2,NORMAL,2026-12-21,SAFE
2026-10-03,HOSP_B,MED005,Atorvastatin,Statin,5,0,70,400,5.7,WARNING_REORDER_NOW,2026-12-21,SAFE
2026-10-04,HOSP_B,MED005,Atorvastatin,Statin,5,0,51,349,6.8,WARNING_REORDER_NOW,2026-12-21,SAFE
2026-10-05,HOSP_B,MED005,Atorvastatin,Statin,5,0,56,293,5.2,WARNING_REORDER_NOW,2026-12-21,SAFE
2026-10-06,HOSP_B,MED005,Atorvastatin,Statin,5,0,50,243,4.9,CRITICAL_STOCKOUT_IMMINENT,2026-12-21,SAFE
2026-10-07,HOSP_B,MED005,Atorvastatin,Statin,5,0,70,173,2.5,CRITICAL_STOCKOUT_IMMINENT,2026-12-21,SAFE
2026-10-08,HOSP_B,MED005,Atorvastatin,Statin,5,0,69,104,1.5,CRITICAL_STOCKOUT_IMMINENT,2026-12-21,SAFE
2026-09-24,HOSP_C,MED001,Paracetamol,Antipyretic,4,0,108,1986,18.4,NORMAL,2026-10-28,SAFE
2026-09-25,HOSP_C,MED001,Paracetamol,Antipyretic,4,0,143,1843,12.9,NORMAL,2026-10-28,SAFE
2026-09-26,HOSP_C,MED001,Paracetamol,Antipyretic,4,0,142,1701,12.0,NORMAL,2026-10-28,SAFE
2026-09-27,HOSP_C,MED001,Paracetamol,Antipyretic,4,0,122,1579,12.9,NORMAL,2026-10-28,SAFE
2026-09-28,HOSP_C,MED001,Paracetamol,Antipyretic,4,0,138,1441,10.4,NORMAL,2026-10-28,SAFE
2026-09-29,HOSP_C,MED001,Paracetamol,Antipyretic,4,0,105,1336,12.7,NORMAL,2026-10-28,SAFE
2026-09-30,HOSP_C,MED001,Paracetamol,Antipyretic,4,0,109,1227,11.3,NORMAL,2026-10-28,SAFE
2026-10-01,HOSP_C,MED001,Paracetamol,Antipyretic,4,0,129,1098,8.5,NORMAL,2026-10-28,SAFE
2026-10-02,HOSP_C,MED001,Paracetamol,Antipyretic,4,0,136,962,7.1,NORMAL,2026-10-28,SAFE
2026-10-03,HOSP_C,MED001,Paracetamol,Antipyretic,4,0,137,825,6.0,WARNING_REORDER_NOW,2026-10-28,SAFE
2026-10-04,HOSP_C,MED001,Paracetamol,Antipyretic,4,0,115,710,6.2,WARNING_REORDER_NOW,2026-10-28,SAFE
2026-10-05,HOSP_C,MED001,Paracetamol,Antipyretic,4,0,138,572,4.1,WARNING_REORDER_NOW,2026-10-28,SAFE
2026-10-06,HOSP_C,MED001,Paracetamol,Antipyretic,4,0,136,436,3.2,CRITICAL_STOCKOUT_IMMINENT,2026-10-28,SAFE
2026-10-07,HOSP_C,MED001,Paracetamol,Antipyretic,4,0,140,296,2.1,CRITICAL_STOCKOUT_IMMINENT,2026-10-28,SAFE
2026-10-08,HOSP_C,MED001,Paracetamol,Antipyretic,4,0,133,163,1.2,CRITICAL_STOCKOUT_IMMINENT,2026-10-28,SAFE
2026-09-24,HOSP_C,MED002,Amoxicillin,Antibiotic,6,0,95,1109,11.7,NORMAL,2027-01-19,SAFE
2026-09-25,HOSP_C,MED002,Amoxicillin,Antibiotic,6,0,73,1036,14.2,NORMAL,2027-01-19,SAFE
2026-09-26,HOSP_C,MED002,Amoxicillin,Antibiotic,6,0,73,963,13.2,NORMAL,2027-01-19,SAFE
2026-09-27,HOSP_C,MED002,Amoxicillin,Antibiotic,6,0,79,884,11.2,NORMAL,2027-01-19,SAFE
2026-09-28,HOSP_C,MED002,Amoxicillin,Antibiotic,6,0,78,806,10.3,NORMAL,2027-01-19,SAFE
2026-09-29,HOSP_C,MED002,Amoxicillin,Antibiotic,6,0,95,711,7.5,WARNING_REORDER_NOW,2027-01-19,SAFE
2026-09-30,HOSP_C,MED002,Amoxicillin,Antibiotic,6,0,69,642,9.3,NORMAL,2027-01-19,SAFE
2026-10-01,HOSP_C,MED002,Amoxicillin,Antibiotic,6,0,64,578,9.0,WARNING_REORDER_NOW,2027-01-19,SAFE
2026-10-02,HOSP_C,MED002,Amoxicillin,Antibiotic,6,0,79,499,6.3,WARNING_REORDER_NOW,2027-01-19,SAFE
2026-10-03,HOSP_C,MED002,Amoxicillin,Antibiotic,6,0,69,430,6.2,WARNING_REORDER_NOW,2027-01-19,SAFE
2026-10-04,HOSP_C,MED002,Amoxicillin,Antibiotic,6,0,75,355,4.7,CRITICAL_STOCKOUT_IMMINENT,2027-01-19,SAFE
2026-10-05,HOSP_C,MED002,Amoxicillin,Antibiotic,6,0,87,268,3.1,CRITICAL_STOCKOUT_IMMINENT,2027-01-19,SAFE
2026-10-06,HOSP_C,MED002,Amoxicillin,Antibiotic,6,0,87,181,2.1,CRITICAL_STOCKOUT_IMMINENT,2027-01-19,SAFE
2026-10-07,HOSP_C,MED002,Amoxicillin,Antibiotic,6,0,73,108,1.5,CRITICAL_STOCKOUT_IMMINENT,2027-01-19,SAFE
2026-10-08,HOSP_C,MED002,Amoxicillin,Antibiotic,6,0,81,27,0.3,CRITICAL_STOCKOUT_IMMINENT,2027-01-19,SAFE
2026-09-24,HOSP_C,MED003,Salbutamol,Bronchodilator,7,0,47,480,10.2,NORMAL,2027-01-06,SAFE
2026-09-25,HOSP_C,MED003,Salbutamol,Bronchodilator,7,0,38,442,11.6,NORMAL,2027-01-06,SAFE
2026-09-26,HOSP_C,MED003,Salbutamol,Bronchodilator,7,0,46,396,8.6,WARNING_REORDER_NOW,2027-01-06,SAFE
2026-09-27,HOSP_C,MED003,Salbutamol,Bronchodilator,7,0,42,354,8.4,WARNING_REORDER_NOW,2027-01-06,SAFE
2026-09-28,HOSP_C,MED003,Salbutamol,Bronchodilator,7,0,44,310,7.0,CRITICAL_STOCKOUT_IMMINENT,2027-01-06,SAFE
2026-09-29,HOSP_C,MED003,Salbutamol,Bronchodilator,7,0,40,270,6.8,CRITICAL_STOCKOUT_IMMINENT,2027-01-06,SAFE
2026-09-30,HOSP_C,MED003,Salbutamol,Bronchodilator,7,0,41,229,5.6,CRITICAL_STOCKOUT_IMMINENT,2027-01-06,SAFE
2026-10-01,HOSP_C,MED003,Salbutamol,Bronchodilator,7,0,39,190,4.9,CRITICAL_STOCKOUT_IMMINENT,2027-01-06,SAFE
2026-10-02,HOSP_C,MED003,Salbutamol,Bronchodilator,7,0,35,155,4.4,CRITICAL_STOCKOUT_IMMINENT,2027-01-06,SAFE
2026-10-03,HOSP_C,MED003,Salbutamol,Bronchodilator,7,0,43,112,2.6,CRITICAL_STOCKOUT_IMMINENT,2027-01-06,SAFE
2026-10-04,HOSP_C,MED003,Salbutamol,Bronchodilator,7,0,36,76,2.1,CRITICAL_STOCKOUT_IMMINENT,2027-01-06,SAFE
2026-10-05,HOSP_C,MED003,Salbutamol,Bronchodilator,7,0,32,44,1.4,CRITICAL_STOCKOUT_IMMINENT,2027-01-06,SAFE
2026-10-06,HOSP_C,MED003,Salbutamol,Bronchodilator,7,0,42,2,0.0,CRITICAL_STOCKOUT_IMMINENT,2027-01-06,SAFE
2026-10-07,HOSP_C,MED003,Salbutamol,Bronchodilator,7,0,34,0,0.0,CRITICAL_STOCKOUT_IMMINENT,2027-01-06,SAFE
2026-10-08,HOSP_C,MED003,Salbutamol,Bronchodilator,7,0,47,0,0.0,CRITICAL_STOCKOUT_IMMINENT,2027-01-06,SAFE
2026-09-24,HOSP_C,MED004,Normal Saline IV,IV Fluids,3,0,234,3059,13.1,NORMAL,2026-10-18,SAFE
2026-09-25,HOSP_C,MED004,Normal Saline IV,IV Fluids,3,0,194,2865,14.8,NORMAL,2026-10-18,SAFE
2026-09-26,HOSP_C,MED004,Normal Saline IV,IV Fluids,3,0,237,2628,11.1,NORMAL,2026-10-18,SAFE
2026-09-27,HOSP_C,MED004,Normal Saline IV,IV Fluids,3,0,237,2391,10.1,NORMAL,2026-10-18,SAFE
2026-09-28,HOSP_C,MED004,Normal Saline IV,IV Fluids,3,0,228,2163,9.5,NORMAL,2026-10-18,SAFE
2026-09-29,HOSP_C,MED004,Normal Saline IV,IV Fluids,3,0,183,1980,10.8,NORMAL,2026-10-18,SAFE
2026-09-30,HOSP_C,MED004,Normal Saline IV,IV Fluids,3,0,190,1790,9.4,NORMAL,2026-10-18,SAFE
2026-10-01,HOSP_C,MED004,Normal Saline IV,IV Fluids,3,0,228,1562,6.9,NORMAL,2026-10-18,SAFE
2026-10-02,HOSP_C,MED004,Normal Saline IV,IV Fluids,3,0,185,1377,7.4,NORMAL,2026-10-18,SAFE
2026-10-03,HOSP_C,MED004,Normal Saline IV,IV Fluids,3,0,173,1204,7.0,NORMAL,2026-10-18,SAFE
2026-10-04,HOSP_C,MED004,Normal Saline IV,IV Fluids,3,0,204,1000,4.9,WARNING_REORDER_NOW,2026-10-18,SAFE
2026-10-05,HOSP_C,MED004,Normal Saline IV,IV Fluids,3,0,234,766,3.3,WARNING_REORDER_NOW,2026-10-18,SAFE
2026-10-06,HOSP_C,MED004,Normal Saline IV,IV Fluids,3,0,215,551,2.6,CRITICAL_STOCKOUT_IMMINENT,2026-10-18,SAFE
2026-10-07,HOSP_C,MED004,Normal Saline IV,IV Fluids,3,0,205,346,1.7,CRITICAL_STOCKOUT_IMMINENT,2026-10-18,SAFE
2026-10-08,HOSP_C,MED004,Normal Saline IV,IV Fluids,3,0,167,179,1.1,CRITICAL_STOCKOUT_IMMINENT,2026-10-18,SAFE
2026-09-24,HOSP_C,MED005,Atorvastatin,Statin,5,0,60,819,13.7,NORMAL,2027-01-06,SAFE
2026-09-25,HOSP_C,MED005,Atorvastatin,Statin,5,0,69,750,10.9,NORMAL,2027-01-06,SAFE
2026-09-26,HOSP_C,MED005,Atorvastatin,Statin,5,0,65,685,10.5,NORMAL,2027-01-06,SAFE
2026-09-27,HOSP_C,MED005,Atorvastatin,Statin,5,0,64,621,9.7,NORMAL,2027-01-06,SAFE
2026-09-28,HOSP_C,MED005,Atorvastatin,Statin,5,0,64,557,8.7,NORMAL,2027-01-06,SAFE
2026-09-29,HOSP_C,MED005,Atorvastatin,Statin,5,0,56,501,8.9,NORMAL,2027-01-06,SAFE
2026-09-30,HOSP_C,MED005,Atorvastatin,Statin,5,0,55,446,8.1,NORMAL,2027-01-06,SAFE
2026-10-01,HOSP_C,MED005,Atorvastatin,Statin,5,0,67,379,5.7,WARNING_REORDER_NOW,2027-01-06,SAFE
2026-10-02,HOSP_C,MED005,Atorvastatin,Statin,5,0,67,312,4.7,CRITICAL_STOCKOUT_IMMINENT,2027-01-06,SAFE
2026-10-03,HOSP_C,MED005,Atorvastatin,Statin,5,0,68,244,3.6,CRITICAL_STOCKOUT_IMMINENT,2027-01-06,SAFE
2026-10-04,HOSP_C,MED005,Atorvastatin,Statin,5,0,69,175,2.5,CRITICAL_STOCKOUT_IMMINENT,2027-01-06,SAFE
2026-10-05,HOSP_C,MED005,Atorvastatin,Statin,5,0,60,115,1.9,CRITICAL_STOCKOUT_IMMINENT,2027-01-06,SAFE
2026-10-06,HOSP_C,MED005,Atorvastatin,Statin,5,0,60,55,0.9,CRITICAL_STOCKOUT_IMMINENT,2027-01-06,SAFE
2026-10-07,HOSP_C,MED005,Atorvastatin,Statin,5,0,67,0,0.0,CRITICAL_STOCKOUT_IMMINENT,2027-01-06,SAFE
2026-10-08,HOSP_C,MED005,Atorvastatin,Statin,5,0,63,0,0.0,CRITICAL_STOCKOUT_IMMINENT,2027-01-06,SAFE
2026-09-24,HOSP_D,MED001,Paracetamol,Antipyretic,4,0,112,1329,11.9,NORMAL,2026-10-28,SAFE
2026-09-25,HOSP_D,MED001,Paracetamol,Antipyretic,4,0,114,1215,10.7,NORMAL,2026-10-28,SAFE
2026-09-26,HOSP_D,MED001,Paracetamol,Antipyretic,4,0,100,1115,11.2,NORMAL,2026-10-28,SAFE
2026-09-27,HOSP_D,MED001,Paracetamol,Antipyretic,4,0,123,992,8.1,NORMAL,2026-10-28,SAFE
2026-09-28,HOSP_D,MED001,Paracetamol,Antipyretic,4,0,97,895,9.2,NORMAL,2026-10-28,SAFE
2026-09-29,HOSP_D,MED001,Paracetamol,Antipyretic,4,0,118,777,6.6,WARNING_REORDER_NOW,2026-10-28,SAFE
2026-09-30,HOSP_D,MED001,Paracetamol,Antipyretic,4,0,122,655,5.4,WARNING_REORDER_NOW,2026-10-28,SAFE
2026-10-01,HOSP_D,MED001,Paracetamol,Antipyretic,4,0,109,546,5.0,WARNING_REORDER_NOW,2026-10-28,SAFE
2026-10-02,HOSP_D,MED001,Paracetamol,Antipyretic,4,0,124,422,3.4,CRITICAL_STOCKOUT_IMMINENT,2026-10-28,SAFE
2026-10-03,HOSP_D,MED001,Paracetamol,Antipyretic,4,0,97,325,3.4,CRITICAL_STOCKOUT_IMMINENT,2026-10-28,SAFE
2026-10-04,HOSP_D,MED001,Paracetamol,Antipyretic,4,0,97,228,2.4,CRITICAL_STOCKOUT_IMMINENT,2026-10-28,SAFE
2026-10-05,HOSP_D,MED001,Paracetamol,Antipyretic,4,0,135,93,0.7,CRITICAL_STOCKOUT_IMMINENT,2026-10-28,SAFE
2026-10-06,HOSP_D,MED001,Paracetamol,Antipyretic,4,0,113,0,0.0,CRITICAL_STOCKOUT_IMMINENT,2026-10-28,SAFE
2026-10-07,HOSP_D,MED001,Paracetamol,Antipyretic,4,0,102,0,0.0,CRITICAL_STOCKOUT_IMMINENT,2026-10-28,SAFE
2026-10-08,HOSP_D,MED001,Paracetamol,Antipyretic,4,0,121,0,0.0,CRITICAL_STOCKOUT_IMMINENT,2026-10-28,SAFE
2026-09-24,HOSP_D,MED002,Amoxicillin,Antibiotic,6,0,66,1653,25.0,NORMAL,2027-01-28,SAFE
2026-09-25,HOSP_D,MED002,Amoxicillin,Antibiotic,6,0,65,1588,24.4,NORMAL,2027-01-28,SAFE
2026-09-26,HOSP_D,MED002,Amoxicillin,Antibiotic,6,0,81,1507,18.6,NORMAL,2027-01-28,SAFE
2026-09-27,HOSP_D,MED002,Amoxicillin,Antibiotic,6,0,81,1426,17.6,NORMAL,2027-01-28,SAFE
2026-09-28,HOSP_D,MED002,Amoxicillin,Antibiotic,6,0,84,1342,16.0,NORMAL,2027-01-28,SAFE
2026-09-29,HOSP_D,MED002,Amoxicillin,Antibiotic,6,0,87,1255,14.4,NORMAL,2027-01-28,SAFE
2026-09-30,HOSP_D,MED002,Amoxicillin,Antibiotic,6,0,95,1160,12.2,NORMAL,2027-01-28,SAFE
2026-10-01,HOSP_D,MED002,Amoxicillin,Antibiotic,6,0,80,1080,13.5,NORMAL,2027-01-28,SAFE
2026-10-02,HOSP_D,MED002,Amoxicillin,Antibiotic,6,0,74,1006,13.6,NORMAL,2027-01-28,SAFE
2026-10-03,HOSP_D,MED002,Amoxicillin,Antibiotic,6,0,89,917,10.3,NORMAL,2027-01-28,SAFE
2026-10-04,HOSP_D,MED002,Amoxicillin,Antibiotic,6,0,72,845,11.7,NORMAL,2027-01-28,SAFE
2026-10-05,HOSP_D,MED002,Amoxicillin,Antibiotic,6,0,78,767,9.8,NORMAL,2027-01-28,SAFE
2026-10-06,HOSP_D,MED002,Amoxicillin,Antibiotic,6,0,66,701,10.6,NORMAL,2027-01-28,SAFE
2026-10-07,HOSP_D,MED002,Amoxicillin,Antibiotic,6,0,64,637,10.0,NORMAL,2027-01-28,SAFE
2026-10-08,HOSP_D,MED002,Amoxicillin,Antibiotic,6,0,94,543,5.8,CRITICAL_STOCKOUT_IMMINENT,2027-01-28,SAFE
2026-09-24,HOSP_D,MED003,Salbutamol,Bronchodilator,7,0,34,728,21.4,NORMAL,2026-10-21,SAFE
2026-09-25,HOSP_D,MED003,Salbutamol,Bronchodilator,7,0,34,694,20.4,NORMAL,2026-10-21,SAFE
2026-09-26,HOSP_D,MED003,Salbutamol,Bronchodilator,7,0,36,658,18.3,NORMAL,2026-10-21,SAFE
2026-09-27,HOSP_D,MED003,Salbutamol,Bronchodilator,7,0,40,618,15.4,NORMAL,2026-10-21,SAFE
2026-09-28,HOSP_D,MED003,Salbutamol,Bronchodilator,7,0,43,575,13.4,NORMAL,2026-10-21,SAFE
2026-09-29,HOSP_D,MED003,Salbutamol,Bronchodilator,7,0,42,533,12.7,NORMAL,2026-10-21,SAFE
2026-09-30,HOSP_D,MED003,Salbutamol,Bronchodilator,7,0,36,497,13.8,NORMAL,2026-10-21,SAFE
2026-10-01,HOSP_D,MED003,Salbutamol,Bronchodilator,7,0,47,450,9.6,WARNING_REORDER_NOW,2026-10-21,SAFE
2026-10-02,HOSP_D,MED003,Salbutamol,Bronchodilator,7,0,43,407,9.5,WARNING_REORDER_NOW,2026-10-21,SAFE
2026-10-03,HOSP_D,MED003,Salbutamol,Bronchodilator,7,0,40,367,9.2,WARNING_REORDER_NOW,2026-10-21,SAFE
2026-10-04,HOSP_D,MED003,Salbutamol,Bronchodilator,7,0,41,326,8.0,WARNING_REORDER_NOW,2026-10-21,SAFE
2026-10-05,HOSP_D,MED003,Salbutamol,Bronchodilator,7,0,38,288,7.6,WARNING_REORDER_NOW,2026-10-21,SAFE
2026-10-06,HOSP_D,MED003,Salbutamol,Bronchodilator,7,0,35,253,7.2,WARNING_REORDER_NOW,2026-10-21,SAFE
2026-10-07,HOSP_D,MED003,Salbutamol,Bronchodilator,7,0,37,216,5.8,CRITICAL_STOCKOUT_IMMINENT,2026-10-21,SAFE
2026-10-08,HOSP_D,MED003,Salbutamol,Bronchodilator,7,0,44,172,3.9,CRITICAL_STOCKOUT_IMMINENT,2026-10-21,SAFE
2026-09-24,HOSP_D,MED004,Normal Saline IV,IV Fluids,3,0,163,1634,10.0,NORMAL,2026-12-29,SAFE
2026-09-25,HOSP_D,MED004,Normal Saline IV,IV Fluids,3,0,228,1406,6.2,NORMAL,2026-12-29,SAFE
2026-09-26,HOSP_D,MED004,Normal Saline IV,IV Fluids,3,0,216,1190,5.5,WARNING_REORDER_NOW,2026-12-29,SAFE
2026-09-27,HOSP_D,MED004,Normal Saline IV,IV Fluids,3,0,197,993,5.0,WARNING_REORDER_NOW,2026-12-29,SAFE
2026-09-28,HOSP_D,MED004,Normal Saline IV,IV Fluids,3,0,167,826,4.9,WARNING_REORDER_NOW,2026-12-29,SAFE
2026-09-29,HOSP_D,MED004,Normal Saline IV,IV Fluids,3,0,199,627,3.2,WARNING_REORDER_NOW,2026-12-29,SAFE
2026-09-30,HOSP_D,MED004,Normal Saline IV,IV Fluids,3,0,197,430,2.2,CRITICAL_STOCKOUT_IMMINENT,2026-12-29,SAFE
2026-10-01,HOSP_D,MED004,Normal Saline IV,IV Fluids,3,0,173,257,1.5,CRITICAL_STOCKOUT_IMMINENT,2026-12-29,SAFE
2026-10-02,HOSP_D,MED004,Normal Saline IV,IV Fluids,3,0,194,63,0.3,CRITICAL_STOCKOUT_IMMINENT,2026-12-29,SAFE
2026-10-03,HOSP_D,MED004,Normal Saline IV,IV Fluids,3,0,191,0,0.0,CRITICAL_STOCKOUT_IMMINENT,2026-12-29,SAFE
2026-10-04,HOSP_D,MED004,Normal Saline IV,IV Fluids,3,0,209,0,0.0,CRITICAL_STOCKOUT_IMMINENT,2026-12-29,SAFE
2026-10-05,HOSP_D,MED004,Normal Saline IV,IV Fluids,3,0,210,0,0.0,CRITICAL_STOCKOUT_IMMINENT,2026-12-29,SAFE
2026-10-06,HOSP_D,MED004,Normal Saline IV,IV Fluids,3,0,163,0,0.0,CRITICAL_STOCKOUT_IMMINENT,2026-12-29,SAFE
2026-10-07,HOSP_D,MED004,Normal Saline IV,IV Fluids,3,0,189,0,0.0,CRITICAL_STOCKOUT_IMMINENT,2026-12-29,SAFE
2026-10-08,HOSP_D,MED004,Normal Saline IV,IV Fluids,3,0,210,0,0.0,CRITICAL_STOCKOUT_IMMINENT,2026-12-29,SAFE
2026-09-24,HOSP_D,MED005,Atorvastatin,Statin,5,0,62,891,14.4,NORMAL,2026-10-13,SAFE
2026-09-25,HOSP_D,MED005,Atorvastatin,Statin,5,0,70,821,11.7,NORMAL,2026-10-13,SAFE
2026-09-26,HOSP_D,MED005,Atorvastatin,Statin,5,0,70,751,10.7,NORMAL,2026-10-13,SAFE
2026-09-27,HOSP_D,MED005,Atorvastatin,Statin,5,0,68,683,10.0,NORMAL,2026-10-13,SAFE
2026-09-28,HOSP_D,MED005,Atorvastatin,Statin,5,0,63,620,9.8,NORMAL,2026-10-13,SAFE
2026-09-29,HOSP_D,MED005,Atorvastatin,Statin,5,0,67,553,8.3,NORMAL,2026-10-13,SAFE
2026-09-30,HOSP_D,MED005,Atorvastatin,Statin,5,0,64,489,7.6,WARNING_REORDER_NOW,2026-10-13,SAFE
2026-10-01,HOSP_D,MED005,Atorvastatin,Statin,5,0,61,428,7.0,WARNING_REORDER_NOW,2026-10-13,SAFE
2026-10-02,HOSP_D,MED005,Atorvastatin,Statin,5,0,51,377,7.4,WARNING_REORDER_NOW,2026-10-13,SAFE
2026-10-03,HOSP_D,MED005,Atorvastatin,Statin,5,0,67,310,4.6,CRITICAL_STOCKOUT_IMMINENT,2026-10-13,SAFE
2026-10-04,HOSP_D,MED005,Atorvastatin,Statin,5,0,67,243,3.6,CRITICAL_STOCKOUT_IMMINENT,2026-10-13,SAFE
2026-10-05,HOSP_D,MED005,Atorvastatin,Statin,5,0,63,180,2.9,CRITICAL_STOCKOUT_IMMINENT,2026-10-13,SAFE
2026-10-06,HOSP_D,MED005,Atorvastatin,Statin,5,0,67,113,1.7,CRITICAL_STOCKOUT_IMMINENT,2026-10-13,SAFE
2026-10-07,HOSP_D,MED005,Atorvastatin,Statin,5,0,63,50,0.8,CRITICAL_STOCKOUT_IMMINENT,2026-10-13,SAFE
2026-10-08,HOSP_D,MED005,Atorvastatin,Statin,5,0,52,0,0.0,CRITICAL_STOCKOUT_IMMINENT,2026-10-13,SAFE
